x,y
1.99337678125,-15.001665416666667
1.9948140883709837,-14.998661577749552
1.9962513954919676,-14.995657738832437
1.9976887026129515,-14.992653899915323
1.9991260097339354,-14.989650060998208
2.0005633168549193,-14.986646222081095
2.002000623975903,-14.98364238316398
2.003437931096887,-14.980638544246865
2.005376950700429,-14.977931312639285
2.007315970303971,-14.975224081031705
2.009254989907513,-14.972516849424125
2.011194009511055,-14.969809617816544
2.0131330291145972,-14.967102386208964
2.0150720487181393,-14.964395154601384
2.0171011376323356,-14.961754757249036
2.0191302265465323,-14.959114359896688
2.021159315460729,-14.95647396254434
2.0231884043749258,-14.953833565191992
2.0252174932891225,-14.951193167839644
2.0272465822033188,-14.948552770487296
2.0293577532062734,-14.945977531275828
2.031468924209228,-14.94340229206436
2.0335800952121827,-14.94082705285289
2.0356912662151374,-14.938251813641422
2.037802437218092,-14.935676574429953
2.0399136082210467,-14.933101335218485
2.0421065541742993,-14.930595364738588
2.044299500127552,-14.928089394258691
2.0464924460808045,-14.925583423778795
2.048685392034057,-14.923077453298898
2.0508783379873092,-14.920571482819001
2.0530712839405614,-14.918065512339105
2.055345737160698,-14.915633278273598
2.0576201903808347,-14.91320104420809
2.0598946436009715,-14.910768810142583
2.0621690968211084,-14.908336576077078
2.0644435500412452,-14.90590434201157
2.066718003261382,-14.903472107946065
2.069073274149179,-14.901118047826804
2.0714285450369756,-14.898763987707543
2.0737838159247723,-14.896409927588282
2.076139086812569,-14.89405586746902
2.0784943577003663,-14.89170180734976
2.080849628588163,-14.889347747230499
2.083284535311532,-14.887076155443118
2.0857194420349012,-14.884804563655738
2.0881543487582706,-14.882532971868358
2.09058925548164,-14.880261380080977
2.093024162205009,-14.877989788293597
2.095524979261411,-14.87579096723439
2.0980257963178124,-14.873592146175184
2.100526613374214,-14.871393325115978
2.1030274304306156,-14.869194504056772
2.105528247487017,-14.866995682997565
2.1080290645434183,-14.864796861938357
2.1106043291738614,-14.862685721942244
2.1131795938043045,-14.86057458194613
2.1157548584347476,-14.858463441950017
2.118330123065191,-14.856352301953903
2.1209053876956347,-14.854241161957791
2.1235426825867694,-14.852208042271892
2.126179977477904,-14.850174922585992
2.1288172723690386,-14.848141802900093
2.1314545672601732,-14.846108683214192
2.134091862151308,-14.844075563528293
2.1367291570424425,-14.842042443842391
2.1394352902355442,-14.840101891565025
2.142141423428646,-14.838161339287659
2.1448475566217478,-14.836220787010292
2.1475536898148495,-14.834280234732926
2.150259823007951,-14.83233968245556
2.1530225218971126,-14.830480544255257
2.1557852207862744,-14.828621406054955
2.158547919675436,-14.826762267854653
2.161310618564597,-14.82490312965435
2.1640733174537585,-14.823043991454048
2.16683601634292,-14.821184853253744
2.1696608567090596,-14.819421567427275
2.1724856970751993,-14.817658281600806
2.175310537441339,-14.815894995774336
2.178135377807479,-14.814131709947867
2.180960218173618,-14.812368424121397
2.183835010391863,-14.810687808251568
2.186709802610108,-14.80900719238174
2.189584594828353,-14.807326576511912
2.1924593870465983,-14.805645960642083
2.1953341792648433,-14.803965344772255
2.1982089714830884,-14.802284728902427
2.2011384315822107,-14.800701326386434
2.204067891681333,-14.799117923870442
2.2069973517804553,-14.79753452135445
2.2099268118795776,-14.795951118838458
2.2128562719787,-14.794367716322466
2.215828424556274,-14.792865980974403
2.2188005771338477,-14.79136424562634
2.2217727297114216,-14.789862510278278
2.224744882288996,-14.788360774930215
2.2277170348665702,-14.786859039582152
2.2307285702648043,-14.785437929260896
2.2337401056630384,-14.784016818939639
2.2367516410612724,-14.782595708618382
2.2397631764595065,-14.781174598297126
2.24277471185774,-14.779753487975869
2.2457862472559738,-14.77833237765461
2.248840461275155,-14.777005472712636
2.251894675294336,-14.775678567770662
2.2549488893135172,-14.774351662828687
2.2580031033326984,-14.773024757886711
2.2610573173518795,-14.771697852944737
2.2641442038711426,-14.770448840688115
2.2672310903904056,-14.769199828431493
2.270317976909668,-14.76795081617487
2.2734048634289308,-14.766701803918247
2.276491749948194,-14.765452791661625
2.279608246028706,-14.764279611291796
2.282724742109218,-14.763106430921967
2.28584123818973,-14.761933250552138
2.288957734270242,-14.760760070182307
2.292074230350754,-14.759586889812478
2.2951907264312656,-14.758413709442648
2.2983387698761693,-14.757328019584078
2.301486813321073,-14.756242329725508
2.3046348567659765,-14.755156639866938
2.30778290021088,-14.75407095000837
2.3109309436557837,-14.7529852601498
2.3141026344526083,-14.751970727011189
2.317274325249433,-14.750956193872579
2.3204460160462577,-14.749941660733969
2.3236177068430823,-14.748927127595358
2.326789397639907,-14.747912594456748
2.3299821995399967,-14.746966594442593
2.3331750014400865,-14.746020594428437
2.3363678033401762,-14.745074594414282
2.339560605240266,-14.744128594400127
2.3427534071403557,-14.74318259438597
2.3459462090404455,-14.742236594371816
2.34916110532609,-14.741368641681547
2.3523760016117348,-14.740500688991277
2.3555908978973794,-14.739632736301006
2.358805794183024,-14.738764783610737
2.3620206904686687,-14.737896830920466
2.3652518965030516,-14.737091717535055
2.3684831025374344,-14.736286604149644
2.3717143085718178,-14.735481490764235
2.3749455146062006,-14.734676377378824
2.378176720640584,-14.733871263993414
2.3814222582903324,-14.733126022177583
2.384667795940081,-14.732380780361751
2.3879133335898293,-14.73163553854592
2.3911588712395777,-14.730890296730088
2.394404408889326,-14.730145054914255
2.3976499465390746,-14.729399813098423
2.4009101729130498,-14.728721709868495
2.404170399287025,-14.728043606638568
2.407430625661,-14.72736550340864
2.4106908520349752,-14.726687400178713
2.41395107840895,-14.726009296948785
2.4172220717616253,-14.72538519560545
2.4204930651143006,-14.724761094262114
2.4237640584669764,-14.72413699291878
2.4270350518196517,-14.723512891575444
2.4303060451723275,-14.72288879023211
2.433577038525003,-14.722264688888774
2.4368589046030324,-14.721700547908275
2.440140770681062,-14.721136406927776
2.4434226367590917,-14.720572265947279
2.4467045028371213,-14.72000812496678
2.449986368915151,-14.719443983986283
2.45327604283098,-14.718927316271484
2.456565716746809,-14.718410648556686
2.459855390662638,-14.717893980841888
2.463145064578467,-14.71737731312709
2.466434738494296,-14.716860645412291
2.469724412410125,-14.716343977697495
2.473021921276405,-14.715879935375282
2.476319430142685,-14.71541589305307
2.4796169390089653,-14.714951850730856
2.4829144478752454,-14.714487808408643
2.4862119567415255,-14.714023766086429
2.489515005431108,-14.713600954835103
2.4928180541206904,-14.713178143583777
2.4961211028102728,-14.712755332332451
2.499424151499855,-14.712332521081125
2.5027272001894376,-14.711909709829799
2.50603024887902,-14.711486898578475
2.5093387943538588,-14.711109503770714
2.5126473398286975,-14.710732108962954
2.515955885303536,-14.710354714155194
2.519264430778375,-14.709977319347434
2.5225729762532136,-14.709599924539674
2.525885380694368,-14.709258052022177
2.5291977851355227,-14.70891617950468
2.5325101895766773,-14.708574306987183
2.535822594017832,-14.708232434469688
2.5391349984589864,-14.70789056195219
2.542447402900141,-14.707548689434695
2.545763600824142,-14.707245817632028
2.549079798748143,-14.706942945829363
2.552395996672144,-14.706640074026696
2.555712194596145,-14.70633720222403
2.5590283925201462,-14.706034330421364
2.562347240969778,-14.705762034684383
2.5656660894194094,-14.705489738947403
2.568984937869041,-14.70521744321042
2.5723037863186726,-14.70494514747344
2.575622634768304,-14.704672851736458
2.578941483217936,-14.704400555999477
2.58226287680812,-14.704161297521921
2.585584270398304,-14.703922039044363
2.588905663988488,-14.703682780566806
2.5922270575786723,-14.703443522089248
2.5955484511688565,-14.703204263611692
2.5988716066915307,-14.702990868737999
2.602194762214205,-14.702777473864307
2.6055179177368792,-14.702564078990614
2.6088410732595535,-14.702350684116922
2.6121642287822278,-14.702137289243229
2.615487384304902,-14.701923894369537
2.618812182904786,-14.701737845262553
2.6221369815046702,-14.70155179615557
2.6254617801045543,-14.701365747048586
2.6287865787044384,-14.701179697941603
2.6321113773043225,-14.700993648834618
2.6354361759042066,-14.700807599727636
2.6387622799305244,-14.700646565550784
2.642088383956842,-14.700485531373932
2.64541448798316,-14.70032449719708
2.6487405920094775,-14.700163463020228
2.6520666960357953,-14.700002428843376
2.6553936527372204,-14.699860094354078
2.6587206094386455,-14.699717759864779
2.6620475661400707,-14.69957542537548
2.665374522841496,-14.699433090886183
2.668701479542921,-14.699290756396884
2.672028436244346,-14.699148421907587
2.675356161811793,-14.699025366847716
2.6786838873792402,-14.698902311787844
2.6820116129466873,-14.698779256727972
2.6853393385141344,-14.6986562016681
2.6886670640815815,-14.698533146608229
2.6919947896490286,-14.698410091548357
2.6953230978793226,-14.698303958027935
2.6986514061096165,-14.698197824507513
2.7019797143399105,-14.698091690987091
2.7053080225702044,-14.69798555746667
2.7086363308004984,-14.697879423946246
2.7119650002629143,-14.697785298445021
2.7152936697253303,-14.697691172943795
2.718622339187746,-14.697597047442569
2.721951008650162,-14.697502921941345
2.725279678112578,-14.697408796440119
2.728608347574994,-14.697314670938894
2.7319373250853336,-14.697232155875698
2.735266302595673,-14.697149640812501
2.7385952801060127,-14.697067125749305
2.7419242576163523,-14.696984610686108
2.745253235126692,-14.696902095622912
2.7485822126370314,-14.696819580559715
2.7519114062993917,-14.696746303288347
2.755240599961752,-14.696673026016978
2.7585697936241123,-14.696599748745609
2.7618989872864725,-14.69652647147424
2.765228180948833,-14.696453194202872
2.768557493327687,-14.69638552527345
2.7718868057065413,-14.696317856344029
2.7752161180853956,-14.696250187414607
2.77854543046425,-14.696182518485188
2.781874742843104,-14.696114849555766
2.7852040552219584,-14.696047180626346
2.7885334509437065,-14.695983744611299
2.7918628466654547,-14.695920308596252
2.795192242387203,-14.695856872581205
2.798521638108951,-14.695793436566158
2.8018510338306992,-14.695730000551109
2.8051804295524474,-14.695666564536062
2.8085098590463016,-14.695604926516502
2.8118392885401557,-14.695543288496943
2.81516871803401,-14.695481650477381
2.818498147527864,-14.695420012457822
2.8218275770217183,-14.69535837443826
2.8251570065155724,-14.695296736418701
2.8284864210774825,-14.695234297048586
2.8318158356393925,-14.69517185767847
2.8351452502013026,-14.695109418308355
2.8384746647632126,-14.69504697893824
2.8418040793251227,-14.694984539568125
2.8451334383372604,-14.694919205286949
2.848462797349398,-14.694853871005773
2.851792156361536,-14.694788536724596
2.8551215153736735,-14.69472320244342
2.8584508743858112,-14.694657868162246
2.861780233397949,-14.69459253388107
2.865109478644749,-14.694521638982382
2.868438723891549,-14.694450744083694
2.8717679691383493,-14.694379849185006
2.8750972143851494,-14.694308954286319
2.8784264596319495,-14.694238059387631
2.8817557048787497,-14.694167164488944
2.8850847651896494,-14.694088060466338
2.888413825500549,-14.694008956443733
2.891742885811449,-14.693929852421128
2.8950719461223486,-14.693850748398523
2.8984010064332484,-14.693771644375916
2.9017298345469444,-14.693683307580264
2.9050586626606405,-14.693594970784611
2.9083874907743366,-14.693506633988958
2.9117163188880326,-14.693418297193306
2.9150451470017287,-14.693329960397653
2.9183739751154247,-14.693241623602
2.921702435619868,-14.693140378007715
2.925030896124311,-14.69303913241343
2.9283593566287545,-14.692937886819145
2.9316878171331977,-14.69283664122486
2.935016277637641,-14.692735395630573
2.938344738142084,-14.692634150036287
2.9416726808278217,-14.692517113800676
2.9450006235135593,-14.692400077565065
2.948328566199297,-14.692283041329453
2.9516565088850344,-14.692166005093842
2.954984451570772,-14.69204896885823
2.958311801364603,-14.691916140587539
2.9616391511584337,-14.691783312316847
2.9649665009522645,-14.691650484046155
2.968293850746095,-14.691517655775463
2.9716212005399254,-14.69138482750477
2.974948550333756,-14.691251999234078
2.978275016933416,-14.691098637044002
2.981601483533076,-14.690945274853926
2.9849279501327364,-14.69079191266385
2.9882544167323966,-14.690638550473775
2.9915808833320567,-14.690485188283699
2.994907349931717,-14.690331826093624
2.9982326408068016,-14.690154793339373
3.0015579316818863,-14.689977760585121
3.004883222556971,-14.68980072783087
3.0082085134320558,-14.689623695076618
3.0115338043071405,-14.689446662322366
3.014857877509864,-14.689248073946738
3.0181819507125875,-14.68904948557111
3.021506023915311,-14.68885089719548
3.0248300971180346,-14.68865230881985
3.028154170320758,-14.68845372044422
3.0314782435234817,-14.688255132068592
3.034800710442299,-14.68803127145713
3.038123177361116,-14.687807410845666
3.0414456442799334,-14.687583550234203
3.0447681111987506,-14.68735968962274
3.048090578117568,-14.687135829011275
3.051413045036385,-14.686911968399812
3.0547336402105745,-14.686661873039698
3.058054235384764,-14.686411777679584
3.0613748305589534,-14.68616168231947
3.064695425733143,-14.685911586959355
3.0680160209073324,-14.685661491599241
3.0713348420922277,-14.685388863752737
3.074653663277123,-14.68511623590623
3.0779724844620184,-14.684843608059726
3.081291305646914,-14.68457098021322
3.084610126831809,-14.684298352366715
3.0879289480167045,-14.68402572452021
3.0912454838952725,-14.683726576118625
3.0945620197738406,-14.68342742771704
3.0978785556524087,-14.683128279315456
3.1011950915309767,-14.682829130913873
3.104511627409545,-14.682529982512289
3.10782598464291,-14.682207591244355
3.111140341876275,-14.68188519997642
3.1144546991096402,-14.681562808708486
3.1177690563430054,-14.681240417440552
3.1210834135763705,-14.680918026172616
3.1243977708097357,-14.680595634904682
3.12770937093388,-14.68024605713398
3.131020971058024,-14.679896479363277
3.134332571182168,-14.679546901592575
3.1376441713063117,-14.679197323821873
3.1409557714304555,-14.67884774605117
3.1442673715545992,-14.678498168280466
3.147575871781304,-14.678120377002251
3.1508843720080084,-14.677742585724038
3.154192872234713,-14.677364794445824
3.1575013724614176,-14.67698700316761
3.160809872688122,-14.676609211889396
3.1641155423842027,-14.676207406139792
3.167421212080283,-14.675805600390188
3.1707268817763636,-14.675403794640584
3.174032551472444,-14.67500198889098
3.1773382211685246,-14.674600183141374
3.180643890864605,-14.67419837739177
3.1839459629547777,-14.673768005562646
3.1872480350449504,-14.673337633733523
3.190550107135123,-14.672907261904399
3.1938521792252956,-14.672476890075275
3.1971542513154683,-14.672046518246152
3.200453015609468,-14.671591486233398
3.2037517799034676,-14.671136454220644
3.2070505441974673,-14.670681422207888
3.210349308491467,-14.670226390195134
3.2136480727854666,-14.669771358182379
3.2169468370794663,-14.669316326169625
3.2202414276581335,-14.668831998884663
3.2235360182368007,-14.668347671599701
3.226830608815468,-14.667863344314739
3.230125199394135,-14.667379017029779
3.2334197899728023,-14.666894689744817
3.236710566546291,-14.666385092312154
3.24000134311978,-14.665875494879492
3.243292119693269,-14.66536589744683
3.246582896266758,-14.664856300014167
3.2498736728402466,-14.664346702581504
3.2531644494137355,-14.66383710514884
3.256450432199848,-14.663297459775125
3.2597364149859605,-14.66275781440141
3.263022397772073,-14.662218169027694
3.2663083805581854,-14.661678523653979
3.269594363344298,-14.661138878280264
3.272875998706785,-14.660573396761844
3.2761576340692717,-14.660007915243424
3.2794392694317587,-14.659442433725005
3.2827209047942456,-14.658876952206585
3.2860025401567325,-14.658311470688165
3.2892841755192195,-14.657745989169745
3.2925603504035954,-14.657149685449326
3.2958365252879713,-14.656553381728907
3.2991127001723473,-14.655957078008488
3.302388875056723,-14.655360774288068
3.305665049941099,-14.654764470567649
3.308936319146656,-14.654141816743461
3.3122075883522126,-14.653519162919274
3.3154788575577694,-14.652896509095086
3.318750126763326,-14.652273855270899
3.322021395968883,-14.651651201446711
3.3252874888549457,-14.651001942438603
3.3285535817410086,-14.650352683430496
3.3318196746270714,-14.649703424422388
3.3350857675131342,-14.649054165414281
3.338351860399197,-14.648404906406173
3.34161795328526,-14.647755647398066
3.3448776155865696,-14.647074837820123
3.3481372778878793,-14.64639402824218
3.351396940189189,-14.645713218664236
3.3546566024904987,-14.645032409086292
3.3579162647918084,-14.644351599508349
3.3611700883033766,-14.64364340987586
3.364423911814945,-14.642935220243372
3.367677735326513,-14.642227030610883
3.3709315588380813,-14.641518840978394
3.3741853823496495,-14.640810651345905
3.3774392058612177,-14.640102461713417
3.3806858126489745,-14.639361891415813
3.3839324194367313,-14.63862132111821
3.387179026224488,-14.637880750820607
3.390425633012245,-14.637140180523005
3.3936722398000017,-14.636399610225402
3.3969123856567935,-14.635631264712814
3.4001525315135854,-14.634862919200224
3.4033926773703773,-14.634094573687635
3.4066328232271688,-14.633326228175045
3.4098729690839606,-14.632557882662457
3.4131063693196206,-14.631761627102957
3.4163397695552806,-14.630965371543457
3.41957316979094,-14.630169115983957
3.4228065700265997,-14.629372860424457
3.4260399702622593,-14.628576604864957
3.429273370497919,-14.627780349305455
3.4324984433223693,-14.626951009039345
3.43572351614682,-14.626121668773235
3.43894858897127,-14.625292328507125
3.44217366179572,-14.624462988241014
3.4453987346201704,-14.623633647974904
3.448616313854909,-14.62277569467304
3.4518338930896477,-14.621917741371176
3.4550514723243864,-14.621059788069312
3.458269051559125,-14.62020183476745
3.4614866307938637,-14.619343881465586
3.4647042100286023,-14.618485928163723
3.4679125556854453,-14.617594065984788
3.471120901342289,-14.616702203805852
3.4743292469991323,-14.615810341626917
3.4775375926559757,-14.614918479447981
3.480745938312819,-14.614026617269047
3.483946125430444,-14.613105909708425
3.4871463125480684,-14.612185202147801
3.490346499665693,-14.611264494587179
3.4935466867833176,-14.610343787026554
3.496746873900942,-14.609423079465932
3.499938572726273,-14.608473364451633
3.5031302715516035,-14.607523649437335
3.506321970376934,-14.606573934423036
3.509513669202265,-14.605624219408737
3.5127053680275955,-14.60467450439444
3.515897066852926,-14.603724789380141
3.5190782828470653,-14.602740530878206
3.5222594988412044,-14.60175627237627
3.5254407148353435,-14.600772013874336
3.5286219308294826,-14.5997877553724
3.5318031468236217,-14.598803496870465
3.534975095410195,-14.597789770001858
3.5381470439967684,-14.596776043133252
3.5413189925833417,-14.595762316264645
3.544490941169915,-14.594748589396039
3.547662889756488,-14.59373486252743
3.550825243606928,-14.592691589732517
3.5539875974573683,-14.591648316937604
3.5571499513078084,-14.590605044142691
3.5603123051582486,-14.589561771347778
3.5634746590086888,-14.588518498552865
3.566637012859129,-14.587475225757952
3.5697875593500026,-14.586396821006089
3.5729381058408762,-14.585318416254223
3.57608865233175,-14.58424001150236
3.5792391988226235,-14.583161606750494
3.582389745313497,-14.58208320199863
3.5855298812731817,-14.580974849096936
3.5886700172328663,-14.579866496195242
3.591810153192551,-14.578758143293546
3.5949502891522354,-14.577649790391852
3.59809042511192,-14.576541437490157
3.6012198198993928,-14.575403110531793
3.6043492146868656,-14.57426478357343
3.6074786094743385,-14.573126456615066
3.6106080042618114,-14.571988129656702
3.6137373990492843,-14.570849802698339
3.6168667938367576,-14.569711475739975
3.619983002844418,-14.568537533057995
3.6230992118520784,-14.567363590376015
3.626215420859739,-14.566189647694035
3.629331629867399,-14.565015705012053
3.6324478388750596,-14.563841762330073
3.635552471661831,-14.562637538406001
3.6386571044486025,-14.56143331448193
3.641761737235374,-14.560229090557858
3.6448663700221453,-14.559024866633788
3.6479710028089167,-14.557820642709716
3.651063720586575,-14.556586140077982
3.6541564383642333,-14.555351637446249
3.6572491561418916,-14.554117134814515
3.66034187391955,-14.552882632182781
3.6634345916972086,-14.55164812955105
3.666527309474867,-14.550413626919315
3.6696054274606276,-14.549143158633314
3.6726835454463886,-14.547872690347312
3.6757616634321497,-14.54660222206131
3.678839781417911,-14.545331753775308
3.681917899403672,-14.544061285489308
3.684983265345741,-14.542760350578867
3.68804863128781,-14.541459415668426
3.6911139972298783,-14.540158480757984
3.694179363171947,-14.538857545847543
3.6972447291140154,-14.537556610937102
3.7002969931501393,-14.536225226599736
3.703349257186263,-14.53489384226237
3.706401521222387,-14.533562457925004
3.709453785258511,-14.532231073587637
3.712506049294635,-14.53089968925027
3.7155583133307584,-14.529568304912903
3.7185945514262198,-14.528200767627244
3.721630789521681,-14.526833230341584
3.7246670276171425,-14.525465693055924
3.727703265712604,-14.524098155770265
3.730739503808065,-14.522730618484605
3.7337618156966834,-14.521332573117704
3.736784127585302,-14.519934527750802
3.7398064394739206,-14.518536482383901
3.7428287513625387,-14.517138437017
3.745851063251157,-14.515740391650096
3.7488590891555624,-14.514311867881156
3.751867115059968,-14.512883344112216
3.7548751409643737,-14.511454820343276
3.7578831668687793,-14.510026296574337
3.760891192773185,-14.508597772805397
3.7638992186775906,-14.507169249036458
3.7668898090009404,-14.505704575175871
3.76988039932429,-14.504239901315284
3.77287098964764,-14.502775227454697
3.77586157997099,-14.50131055359411
3.7788521702943396,-14.499845879733522
3.7818276717008197,-14.498350790645864
3.7848031731072997,-14.496855701558205
3.78777867451378,-14.495360612470547
3.79075417592026,-14.493865523382889
3.7937296773267395,-14.49237043429523
3.7966897285078236,-14.490844984523733
3.7996497796889077,-14.489319534752235
3.802609830869992,-14.487794084980738
3.805569882051076,-14.48626863520924
3.80852993323216,-14.484743185437743
3.811489984413244,-14.483217735666246
3.8144312399031333,-14.48165635289985
3.8173724953930224,-14.480094970133456
3.8203137508829115,-14.47853358736706
3.8232550063728006,-14.476972204600665
3.8261962618626897,-14.47541082183427
3.82912128436425,-14.4738192366605
3.8320463068658106,-14.47222765148673
3.8349713293673715,-14.47063606631296
3.8378963518689324,-14.46904448113919
3.8408213743704933,-14.46745289596542
3.8437298196276153,-14.465831215914879
3.8466382648847373,-14.464209535864336
3.8495467101418592,-14.462587855813794
3.852455155398981,-14.460966175763252
3.8553636006561036,-14.459344495712712
3.8582720459132256,-14.45772281566217
3.861160420217703,-14.456065651253537
3.86404879452218,-14.454408486844905
3.866937168826657,-14.452751322436272
3.8698255431311344,-14.45109415802764
3.8727139174356116,-14.449436993619008
3.875584938852792,-14.44774994411704
3.878455960269972,-14.446062894615073
3.8813269816871525,-14.444375845113104
3.884198003104333,-14.442688795611136
3.887069024521513,-14.441001746109167
3.8899223952837425,-14.4392850122063
3.892775766045972,-14.437568278303432
3.895629136808201,-14.435851544400565
3.8984825075704306,-14.434134810497698
3.90133587833266,-14.43241807659483
3.904189249094889,-14.430701342691963
3.9070213925820427,-14.428949810999937
3.9098535360691966,-14.42719827930791
3.9126856795563505,-14.425446747615885
3.9155178230435044,-14.423695215923859
3.9183499665306583,-14.421943684231833
3.9211636681280035,-14.420162677965394
3.9239773697253484,-14.418381671698954
3.9267910713226932,-14.416600665432515
3.929604772920038,-14.414819659166074
3.9324184745173834,-14.413038652899635
3.935213519247952,-14.411228507890494
3.9380085639785203,-14.409418362881352
3.9408036087090887,-14.40760821787221
3.943598653439657,-14.40579807286307
3.9463936981702257,-14.403987927853928
3.9491887429007937,-14.402177782844785
3.9519615512330373,-14.40033375628515
3.954734359565281,-14.398489729725515
3.9575071678975244,-14.39664570316588
3.960279976229768,-14.394801676606246
3.963052784562011,-14.39295765004661
3.9658061045772715,-14.391084650075022
3.9685594245925317,-14.389211650103436
3.971312744607792,-14.387338650131849
3.9740660646230523,-14.385465650160262
3.9768193846383126,-14.383592650188675
3.9795727046535725,-14.381719650217086
3.9823029719410887,-14.37981320311876
3.985033239228605,-14.377906756020433
3.987763506516121,-14.376000308922107
3.9904937738036375,-14.37409386182378
3.9932240410911537,-14.372187414725454
3.995934323431453,-14.37025266160532
3.998644605771752,-14.368317908485189
4.001354888112051,-14.366383155365055
4.00406517045235,-14.364448402244923
4.006775452792649,-14.36251364912479
4.009485735132948,-14.360578896004657
4.012172736498355,-14.358611938032992
4.014859737863762,-14.356644980061326
4.017546739229168,-14.35467802208966
4.020233740594574,-14.352711064117994
4.022920741959981,-14.350744106146326
4.0255883213706545,-14.34875088762149
4.028255900781328,-14.346757669096654
4.030923480192002,-14.344764450571818
4.033591059602676,-14.342771232046982
4.03625863901335,-14.340778013522145
4.038926218424023,-14.33878479499731
4.041571479773278,-14.336762051218642
4.044216741122534,-14.334739307439975
4.046862002471789,-14.332716563661307
4.049507263821043,-14.33069381988264
4.052152525170298,-14.328671076103973
4.054779275449699,-14.326624351166503
4.057406025729101,-14.324577626229033
4.060032776008503,-14.322530901291563
4.062659526287905,-14.320484176354093
4.065286276567307,-14.318437451416623
4.067913026846709,-14.316390726479153
4.070518588088543,-14.314317094251622
4.073124149330377,-14.312243462024092
4.075729710572212,-14.310169829796562
4.078335271814045,-14.308096197569032
4.0809408330558785,-14.306022565341502
4.083528835293223,-14.303927059574509
4.086116837530568,-14.301831553807515
4.088704839767913,-14.299736048040522
4.091292842005258,-14.29764054227353
4.0938808442426025,-14.295545036506537
4.096468846479947,-14.293449530739544
4.099036884853117,-14.291329606468743
4.101604923226287,-14.289209682197942
4.104172961599456,-14.287089757927141
4.106740999972626,-14.28496983365634
4.109309038345796,-14.282849909385542
4.1118604996835675,-14.280710062418617
4.1144119610213385,-14.278570215451692
4.11696342235911,-14.276430368484768
4.119514883696882,-14.274290521517843
4.122066345034653,-14.272150674550918
4.124617806372425,-14.270010827583993
4.127150597065406,-14.267848913777769
4.129683387758388,-14.265686999971544
4.132216178451369,-14.26352508616532
4.13474896914435,-14.261363172359093
4.1372817598373315,-14.259201258552869
4.139798980667803,-14.257021235779906
4.142316201498274,-14.254841213006943
4.1448334223287455,-14.25266119023398
4.147350643159217,-14.250481167461016
4.149867863989688,-14.248301144688053
4.1523850848201596,-14.24612112191509
4.154884970729211,-14.243921242272535
4.157384856638262,-14.24172136262998
4.159884742547313,-14.239521482987424
4.162384628456365,-14.237321603344869
4.164884514365417,-14.235121723702315
4.167384400274468,-14.23292184405976
4.169867257611398,-14.230702763294115
4.172350114948328,-14.22848368252847
4.174832972285258,-14.226264601762825
4.177315829622188,-14.22404552099718
4.179798686959118,-14.221826440231535
4.1822677222288265,-14.219591990671367
4.184736757498536,-14.217357541111198
4.187205792768245,-14.21512309155103
4.189674828037955,-14.212888641990864
4.192143863307664,-14.210654192430695
4.194612898577374,-14.208419742870527
4.197066563009659,-14.206168425288812
4.199520227441944,-14.203917107707097
4.201973891874228,-14.201665790125382
4.204427556306513,-14.199414472543667
4.206881220738797,-14.197163154961952
4.2093348851710815,-14.194911837380237
4.2117735770197715,-14.192644309636828
4.214212268868461,-14.190376781893418
4.21665096071715,-14.188109254150008
4.219089652565839,-14.185841726406599
4.221528344414528,-14.18357419866319
4.2239549550037765,-14.181293746723737
4.226381565593025,-14.179013294784285
4.228808176182273,-14.176732842844833
4.231234786771521,-14.174452390905383
4.23366139736077,-14.172171938965931
4.236088007950019,-14.169891487026481
4.238501271695497,-14.167596915586154
4.240914535440974,-14.165302344145827
4.243327799186452,-14.1630077727055
4.24574106293193,-14.160713201265173
4.248154326677407,-14.158418629824846
4.250567590422886,-14.156124058384519
4.252967952642382,-14.153815993997371
4.255368314861878,-14.151507929610224
4.257768677081374,-14.149199865223077
4.2601690393008695,-14.14689180083593
4.2625694015203655,-14.144583736448782
4.264959394266302,-14.142264936182617
4.26734938701224,-14.139946135916452
4.269739379758178,-14.137627335650286
4.272129372504116,-14.135308535384121
4.274519365250053,-14.132989735117956
4.276909357995991,-14.130670934851791
4.279288047328251,-14.128340540666123
4.281666736660511,-14.126010146480455
4.284045425992771,-14.123679752294787
4.286424115325031,-14.12134935810912
4.288802804657291,-14.119018963923452
4.291181493989551,-14.116688569737786
4.29354934609477,-14.114347164944117
4.295917198199989,-14.11200576015045
4.298285050305208,-14.10966435535678
4.300652902410427,-14.107322950563113
4.303020754515646,-14.104981545769444
4.305388606620865,-14.102640140975778
4.307746317829788,-14.100288524966452
4.310104029038711,-14.097936908957125
4.312461740247634,-14.0955852929478
4.3148194514565565,-14.093233676938473
4.317177162665479,-14.090882060929147
4.31952686161973,-14.088522439174628
4.321876560573981,-14.08616281742011
4.324226259528231,-14.083803195665592
4.326575958482482,-14.081443573911073
4.328925657436733,-14.079083952156557
4.331275356390984,-14.076724330402039
4.333616447534774,-14.07435616819128
4.335957538678564,-14.07198800598052
4.3382986298223525,-14.069619843769761
4.340639720966141,-14.067251681559002
4.34298081210993,-14.06488351934824
4.34532190325372,-14.062515357137482
4.347654905500078,-14.060139225718876
4.349987907746436,-14.05776309430027
4.352320909992794,-14.055386962881665
4.354653912239152,-14.053010831463059
4.35698691448551,-14.050634700044453
4.3593199167318675,-14.048258568625847
4.361645521284374,-14.045875196337395
4.363971125836881,-14.043491824048942
4.366296730389387,-14.04110845176049
4.368622334941894,-14.038725079472039
4.370947939494401,-14.036341707183587
4.373273544046908,-14.033958334895136
4.375592460103759,-14.031568454496187
4.377911376160609,-14.029178574097237
4.38023029221746,-14.026788693698288
4.382549208274312,-14.02439881329934
4.384868124331162,-14.022008932900391
4.3871819594899994,-14.019614132938447
4.389495794648836,-14.017219332976502
4.391809629807672,-14.014824533014558
4.394123464966508,-14.012429733052613
4.396437300125345,-14.010034933090669
4.398751135284182,-14.007640133128724
4.401059703036217,-14.005240255020514
4.403368270788252,-14.002840376912303
4.405676838540287,-14.000440498804092
4.407985406292322,-13.998040620695882
4.4102939740443565,-13.995640742587671
4.412602541796391,-13.99324086447946
4.4149064236562605,-13.990836487558974
4.41721030551613,-13.988432110638488
4.419514187375999,-13.986027733718002
4.421818069235868,-13.983623356797516
4.424121951095737,-13.98121897987703
4.426425832955606,-13.978814602956543
4.428725716331862,-13.97640640104316
4.431025599708119,-13.973998199129777
4.433325483084375,-13.971589997216395
4.4356253664606315,-13.969181795303012
4.437925249836888,-13.966773593389629
4.440225133213144,-13.964365391476246
4.442521715308863,-13.96195404109158
4.444818297404582,-13.959542690706915
4.4471148795003,-13.957131340322249
4.449411461596019,-13.954719989937583
4.451708043691737,-13.952308639552918
4.454002407713123,-13.94989517860702
4.456296771734508,-13.947481717661123
4.458591135755894,-13.945068256715226
4.46088549977728,-13.942654795769329
4.463179863798667,-13.940241334823432
4.465474227820053,-13.937827873877534
4.467766629235371,-13.93541254869217
4.470059030650688,-13.932997223506806
4.472351432066006,-13.930581898321442
4.474643833481323,-13.928166573136078
4.476936234896641,-13.925751247950714
4.479228636311959,-13.92333592276535
4.481519706154723,-13.920919334472822
4.483810775997487,-13.918502746180296
4.486101845840251,-13.916086157887769
4.488392915683015,-13.91366956959524
4.490683985525779,-13.911252981302715
4.492975055368542,-13.908836393010187
4.4952654791663225,-13.906419192392415
4.497555902964103,-13.904001991774642
4.499846326761883,-13.90158479115687
4.5021367505596634,-13.899167590539097
4.504427174357443,-13.896750389921323
4.506717598155223,-13.89433318930355
4.509008067597241,-13.891916031936894
4.511298537039259,-13.889498874570238
4.513589006481277,-13.887081717203582
4.515879475923296,-13.884664559836926
4.518169945365314,-13.88224740247027
4.520460414807333,-13.879830245103614
4.522751622009219,-13.87741378704314
4.525042829211104,-13.874997328982667
4.52733403641299,-13.872580870922194
4.529625243614875,-13.87016441286172
4.53191645081676,-13.867747954801247
4.5342088744217275,-13.865332650676425
4.536501298026695,-13.862917346551603
4.538793721631663,-13.86050204242678
4.541086145236631,-13.858086738301957
4.543378568841598,-13.855671434177134
4.545670992446566,-13.85325613005231
4.547965404199328,-13.85084271448329
4.550259815952089,-13.84842929891427
4.552554227704849,-13.84601588334525
4.55484863945761,-13.843602467776229
4.557143051210372,-13.84118905220721
4.559437462963133,-13.838775636638188
4.561734567102778,-13.836364783558544
4.5640316712424225,-13.8339539304789
4.566328775382068,-13.831543077399257
4.568625879521714,-13.829132224319613
4.57092298366136,-13.82672137123997
4.573220087801006,-13.824310518160326
4.575520580102021,-13.821902897930105
4.577821072403036,-13.819495277699884
4.580121564704051,-13.817087657469663
4.582422057005066,-13.814680037239443
4.584722549306082,-13.812272417009222
4.587023041607097,-13.809864796779001
4.589327618208374,-13.807461085754596
4.591632194809652,-13.805057374730191
4.593936771410929,-13.802653663705787
4.596241348012207,-13.800249952681382
4.598545924613484,-13.797846241656977
4.60085457731145,-13.795446445265577
4.603163230009417,-13.793046648874178
4.605471882707384,-13.790646852482778
4.607780535405351,-13.788247056091379
4.610089188103318,-13.78584725969998
4.612397840801285,-13.78344746330858
4.614711765516706,-13.781052749878675
4.6170256902321265,-13.778658036448771
4.619339614947547,-13.776263323018867
4.621653539662968,-13.773868609588963
4.623967464378389,-13.771473896159058
4.626281389093809,-13.769079182729154
4.628601361886831,-13.766690328141776
4.630921334679853,-13.764301473554397
4.633241307472875,-13.761912618967019
4.635561280265896,-13.75952376437964
4.637881253058918,-13.757134909792262
4.640201225851939,-13.754746055204883
4.642527959933474,-13.752363785590875
4.6448546940150095,-13.749981515976867
4.647181428096545,-13.747599246362858
4.64950816217808,-13.745216976748852
4.651834896259615,-13.742834707134843
4.65416163034115,-13.740452437520837
4.656495833302448,-13.73807748561912
4.658830036263746,-13.735702533717404
4.6611642392250445,-13.733327581815688
4.663498442186342,-13.730952629913972
4.66583264514764,-13.728577678012256
4.668173808682705,-13.726209587367435
4.67051497221777,-13.723841496722615
4.672856135752835,-13.721473406077797
4.6751972992879,-13.719105315432978
4.677538462822965,-13.716737224788158
4.679879626358031,-13.71436913414334
4.682229394635623,-13.71200958142267
4.684579162913216,-13.709650028702
4.686928931190808,-13.707290475981331
4.6892786994684,-13.704930923260662
4.691628467745993,-13.702571370539992
4.693978236023585,-13.700211817819323
4.69633746219299,-13.69786172167627
4.6986966883623955,-13.695511625533218
4.701055914531801,-13.693161529390165
4.703415140701206,-13.690811433247113
4.705774366870611,-13.68846133710406
4.708133593040016,-13.686111240961006
4.7105030109693296,-13.683771420737944
4.712872428898643,-13.681431600514882
4.715241846827956,-13.67909178029182
4.717611264757269,-13.676751960068758
4.719980682686582,-13.674412139845696
4.722359389283699,-13.672081763282813
4.724738095880815,-13.66975138671993
4.727116802477931,-13.667421010157048
4.729495509075047,-13.665090633594165
4.731874215672163,-13.662760257031282
4.734252922269279,-13.6604298804684
4.736642907676908,-13.658111072638647
4.739032893084536,-13.655792264808895
4.741422878492164,-13.653473456979142
4.743812863899793,-13.65115464914939
4.746202849307421,-13.648835841319636
4.7485928347150494,-13.646517033489884
4.750995021671564,-13.644210868312376
4.753397208628078,-13.641904703134868
4.755799395584592,-13.63959853795736
4.758201582541107,-13.637292372779852
4.760603769497621,-13.634986207602344
4.763005956454135,-13.632680042424836
4.7654210958987795,-13.630387445324837
4.767836235343424,-13.628094848224839
4.770251374788068,-13.62580225112484
4.7726665142327125,-13.623509654024842
4.775081653677357,-13.621217056924843
4.777508385394062,-13.618936733883004
4.7799351171107665,-13.616656410841165
4.782361848827471,-13.614376087799327
4.784788580544176,-13.612095764757488
4.787215312260881,-13.609815441715648
4.789642043977586,-13.60753511867381
4.792082788010264,-13.605269800028024
4.794523532042942,-13.603004481382238
4.79696427607562,-13.600739162736451
4.799405020108298,-13.598473844090664
4.801845764140976,-13.596208525444878
4.8042865081736545,-13.593943206799091
4.806742233279517,-13.591694137168236
4.80919795838538,-13.589445067537381
4.811653683491242,-13.587195997906525
4.814109408597105,-13.58494692827567
4.816565133702967,-13.582697858644813
4.819034184021129,-13.580463425713088
4.821503234339292,-13.578228992781362
4.8239722846574535,-13.575994559849637
4.826441334975615,-13.573760126917911
4.828910385293777,-13.571525693986183
4.8313794356119395,-13.569291261054458
4.83386449157494,-13.567074642715466
4.8363495475379406,-13.564858024376475
4.838834603500941,-13.562641406037484
4.841319659463942,-13.560424787698492
4.843804715426942,-13.558208169359501
4.846289771389943,-13.55599155102051
4.848791847204346,-13.55379416242971
4.8512939230187495,-13.551596773838911
4.853795998833153,-13.549399385248112
4.856298074647556,-13.54720199665731
4.85880015046196,-13.545004608066511
4.861317218798746,-13.542824409225133
4.863834287135532,-13.540644210383755
4.866351355472318,-13.538464011542377
4.868868423809104,-13.536283812700999
4.87138549214589,-13.534103613859621
4.8739025604826764,-13.531923415018243
4.876437638820916,-13.529764184178571
4.878972717159156,-13.5276049533389
4.881507795497396,-13.525445722499228
4.884042873835636,-13.523286491659556
4.886577952173876,-13.521127260819885
4.889129167413215,-13.518987120450058
4.891680382652555,-13.516846980080231
4.894231597891895,-13.514706839710405
4.896782813131234,-13.512566699340578
4.899334028370574,-13.510426558970751
4.901885243609914,-13.508286418600925
4.904455640897757,-13.506169355119908
4.9070260381856,-13.504052291638892
4.909596435473443,-13.501935228157876
4.912166832761286,-13.49981816467686
4.914737230049129,-13.497701101195844
4.917307627336973,-13.49558403771483
4.919898292267167,-13.49349182471911
4.922488957197362,-13.49139961172339
4.925079622127556,-13.48930739872767
4.92767028705775,-13.48721518573195
4.930260951987944,-13.48512297273623
4.932869228960563,-13.483052757473484
4.935477505933181,-13.480982542210738
4.9380857829058,-13.478912326947992
4.940694059878418,-13.476842111685245
4.943302336851037,-13.4747718964225
4.945910613823656,-13.472701681159753
4.948540039668683,-13.47065839465867
4.9511694655137095,-13.468615108157588
4.953798891358736,-13.466571821656505
4.9564283172037635,-13.464528535155424
4.95905774304879,-13.46248524865434
4.961705767430276,-13.46046612337961
4.964353791811762,-13.45844699810488
4.967001816193248,-13.456427872830151
4.969649840574735,-13.454408747555421
4.972297864956221,-13.452389622280691
4.9749458893377065,-13.450370497005961
4.977616148052852,-13.448380869303554
4.9802864067679975,-13.446391241601146
4.982956665483143,-13.444401613898739
4.9856269241982885,-13.442411986196332
4.988297182913434,-13.440422358493924
4.990986916568553,-13.438459138469444
4.993676650223672,-13.436495918444963
4.996366383878791,-13.434532698420483
4.99905611753391,-13.432569478396003
5.001745851189028,-13.430606258371522
5.004435584844146,-13.428643038347042
5.0071480910005075,-13.426711404232696
5.009860597156869,-13.42477977011835
5.01257310331323,-13.422848136004005
5.01528560946959,-13.420916501889659
5.01799811562595,-13.418984867775313
5.020729584358678,-13.417080142450724
5.023461053091406,-13.415175417126134
5.026192521824134,-13.413270691801545
5.028923990556862,-13.411365966476955
5.03165545928959,-13.409461241152368
5.034386928022318,-13.407556515827778
5.037140115625443,-13.405683321224434
5.039893303228569,-13.403810126621089
5.042646490831694,-13.401936932017744
5.045399678434819,-13.4000637374144
5.048152866037944,-13.398190542811054
5.050923931339428,-13.396343897990057
5.053694996640911,-13.39449725316906
5.056466061942395,-13.392650608348063
5.059237127243878,-13.390803963527066
5.0620081925453615,-13.388957318706069
5.0647966180643555,-13.387136993700741
5.06758504358335,-13.385316668695413
5.070373469102344,-13.383496343690085
5.073161894621337,-13.381676018684756
5.075950320140331,-13.379855693679428
5.078738745659324,-13.378035368674098
5.08154696098216,-13.376245724379666
5.084355176304996,-13.374456080085235
5.087163391627832,-13.372666435790803
5.089971606950668,-13.370876791496373
5.092779822273504,-13.369087147201942
5.0956045155824965,-13.36732362580708
5.098429208891489,-13.36556010441222
5.101253902200482,-13.363796583017358
5.104078595509475,-13.362033061622498
5.106903288818468,-13.360269540227636
5.109727982127461,-13.358506018832776
5.112571374694389,-13.35677280831171
5.115414767261318,-13.355039597790645
5.118258159828247,-13.35330638726958
5.121101552395175,-13.351573176748513
5.123944944962104,-13.349839966227448
5.126803681023684,-13.348132181659588
5.129662417085265,-13.34642439709173
5.132521153146845,-13.344716612523868
5.1353798892084255,-13.343008827956009
5.138238625270006,-13.341301043388148
5.141112168838595,-13.33961829344849
5.143985712407185,-13.337935543508832
5.146859255975774,-13.336252793569175
5.149732799544363,-13.334570043629517
5.152606343112953,-13.33288729368986
5.155479886681542,-13.331204543750202
5.158370284253216,-13.329550910817034
5.16126068182489,-13.327897277883865
5.164151079396564,-13.326243644950695
5.1670414769682385,-13.324590012017527
5.1699318745399125,-13.322936379084357
5.172836172401407,-13.321307283036937
5.175740470262902,-13.319678186989517
5.178644768124396,-13.318049090942097
5.181549065985891,-13.316419994894677
5.184453363847385,-13.314790898847257
5.187370997548333,-13.313185808947255
5.190288631249283,-13.311580719047253
5.193206264950232,-13.309975629147251
5.196123898651182,-13.30837053924725
5.1990415323521315,-13.30676544934725
5.20195916605308,-13.305160359447248
5.204891912628695,-13.303583052399391
5.20782465920431,-13.302005745351535
5.210757405779925,-13.300428438303678
5.2136901523555395,-13.29885113125582
5.2166228989311545,-13.297273824207963
5.219568118735817,-13.295719932222585
5.22251333854048,-13.294166040237208
5.225458558345143,-13.29261214825183
5.228403778149806,-13.291058256266453
5.23134899795447,-13.289504364281076
5.234294217759134,-13.2879504722957
5.237253550608267,-13.286423629445883
5.240212883457401,-13.284896786596066
5.243172216306535,-13.28336994374625
5.246131549155669,-13.281843100896433
5.249090882004802,-13.280316258046616
5.2520616207194335,-13.278811727724758
5.255032359434065,-13.2773071974029
5.258003098148696,-13.275802667081042
5.260973836863327,-13.274298136759183
5.263944575577958,-13.272793606437324
5.266926281725743,-13.271310930326953
5.269907987873528,-13.269828254216582
5.272889694021313,-13.268345578106212
5.275871400169097,-13.266862901995841
5.278853106316881,-13.26538022588547
5.281834812464665,-13.2638975497751
5.284829013410103,-13.26244027125047
5.28782321435554,-13.260982992725841
5.290817415300977,-13.259525714201212
5.293811616246415,-13.258068435676584
5.296805817191852,-13.256611157151955
5.299810101380677,-13.255174780978116
5.302814385569502,-13.253738404804277
5.305818669758327,-13.252302028630439
5.3088229539471525,-13.250865652456598
5.311827238135978,-13.24942927628276
5.314841191245225,-13.24801330076911
5.317855144354473,-13.246597325255461
5.320869097463721,-13.245181349741811
5.323883050572969,-13.243765374228163
5.326897003682217,-13.242349398714513
5.3299109567914655,-13.240933423200865
5.332935904459034,-13.239541090048034
5.335960852126602,-13.238148756895203
5.338985799794171,-13.236756423742372
5.342010747461741,-13.235364090589542
5.34503569512931,-13.233971757436713
5.3480694786640885,-13.232598783487905
5.351103262198867,-13.231225809539097
5.354137045733646,-13.22985283559029
5.357170829268425,-13.228479861641482
5.360204612803203,-13.227106887692674
5.363246850884676,-13.225752750529887
5.366289088966148,-13.2243986133671
5.369331327047621,-13.223044476204313
5.372373565129093,-13.221690339041526
5.375415803210565,-13.22033620187874
5.378458041292037,-13.218982064715952
5.381509877082457,-13.2176496990348
5.384561712872877,-13.216317333353647
5.387613548663297,-13.214984967672494
5.390665384453717,-13.213652601991342
5.393717220244137,-13.21232023631019
5.3967767287935,-13.21100558523999
5.399836237342863,-13.20969093416979
5.402895745892226,-13.208376283099591
5.405955254441589,-13.207061632029394
5.409014762990952,-13.205746980959194
5.412081599015734,-13.204449515430904
5.415148435040515,-13.203152049902613
5.418215271065296,-13.20185458437432
5.421282107090078,-13.20055711884603
5.424348943114858,-13.199259653317737
5.427422770443915,-13.197978838908409
5.430496597772971,-13.19669802449908
5.433570425102028,-13.19541721008975
5.436644252431084,-13.194136395680422
5.439718079760142,-13.192855581271093
5.442791907089199,-13.191574766861766
5.44587357733541,-13.190312939419675
5.448955247581622,-13.189051111977584
5.452036917827833,-13.187789284535492
5.455118588074044,-13.186527457093401
5.458200258320256,-13.18526562965131
5.461288275228658,-13.18401941475274
5.464376292137061,-13.18277319985417
5.4674643090454635,-13.1815269849556
5.470552325953866,-13.18028077005703
5.473640342862269,-13.179034555158458
5.476734343283792,-13.17780327071057
5.479828343705315,-13.176571986262681
5.482922344126838,-13.175340701814793
5.486016344548362,-13.174109417366905
5.489110344969885,-13.172878132919017
5.492204345391408,-13.171646848471129
5.495305034383779,-13.170432505944246
5.498405723376149,-13.169218163417364
5.50150641236852,-13.168003820890481
5.50460710136089,-13.166789478363599
5.507707790353261,-13.165575135836717
5.510813854310587,-13.164374608163984
5.513919918267914,-13.16317408049125
5.51702598222524,-13.161973552818518
5.5201320461825665,-13.160773025145783
5.523238110139893,-13.15957249747305
5.5263492234171885,-13.15838511624706
5.529460336694484,-13.157197735021072
5.53257144997178,-13.156010353795082
5.535682563249075,-13.154822972569093
5.538793676526371,-13.153635591343104
5.541904789803667,-13.152448210117113
5.545021526193625,-13.151275668315934
5.548138262583583,-13.150103126514756
5.551254998973541,-13.148930584713577
5.5543717353635,-13.147758042912399
5.557488471753458,-13.146585501111222
5.560609690684867,-13.145424944183615
5.563730909616276,-13.144264387256008
5.566852128547685,-13.143103830328402
5.5699733474790944,-13.141943273400795
5.573094566410504,-13.140782716473188
5.576219974949722,-13.13963349001031
5.57934538348894,-13.13848426354743
5.582470792028158,-13.13733503708455
5.585596200567377,-13.13618581062167
5.588721609106595,-13.135036584158792
5.591847017645813,-13.133887357695912
5.594977065654593,-13.132750828126243
5.598107113663373,-13.131614298556572
5.601237161672152,-13.130477768986903
5.604367209680932,-13.129341239417235
5.607497257689712,-13.128204709847564
5.610630966995779,-13.12707831471926
5.613764676301846,-13.125951919590955
5.6168983856079135,-13.12482552446265
5.620032094913981,-13.123699129334346
5.623165804220048,-13.122572734206042
5.626302909418754,-13.121455831805537
5.629440014617461,-13.120338929405033
5.632577119816167,-13.11922202700453
5.6357142250148735,-13.118105124604027
5.63885133021358,-13.116988222203524
5.641988435412286,-13.11587131980302
5.645129268390392,-13.114764943644728
5.648270101368499,-13.113658567486434
5.651410934346605,-13.112552191328142
5.654551767324711,-13.111445815169848
5.657692600302817,-13.110339439011556
5.6608363348039274,-13.109241334559998
5.663980069305038,-13.10814323010844
5.667123803806148,-13.107045125656883
5.670267538307258,-13.105947021205326
5.6734112728083685,-13.10484891675377
5.676557665842332,-13.103758453147856
5.679704058876296,-13.102667989541942
5.68285045191026,-13.101577525936028
5.685996844944223,-13.100487062330114
5.689143237978188,-13.0993965987242
5.6922896310121525,-13.098306135118287
5.695438901103271,-13.097224008557674
5.69858817119439,-13.096141881997061
5.701737441285509,-13.095059755436449
5.704886711376628,-13.093977628875836
5.708035981467747,-13.092895502315223
5.711187444070974,-13.091819777694111
5.7143389066742,-13.090744053073
5.717490369277427,-13.089668328451888
5.720641831880654,-13.088592603830776
5.7237932944838805,-13.087516879209664
5.726946724211795,-13.086446934841437
5.730100153939711,-13.08537699047321
5.733253583667627,-13.084307046104982
5.736407013395542,-13.083237101736755
5.739560443123458,-13.082167157368527
5.742713872851374,-13.081097213000302
5.745869378063372,-13.080033405284098
5.74902488327537,-13.078969597567895
5.752180388487368,-13.077905789851691
5.755335893699366,-13.076841982135488
5.758491398911364,-13.075778174419284
5.761648427104007,-13.074718894951506
5.764805455296651,-13.073659615483727
5.767962483489295,-13.07260033601595
5.771119511681938,-13.071541056548172
5.774276539874582,-13.070481777080396
5.777434878851936,-13.06942641226
5.780593217829289,-13.068371047439605
5.783751556806643,-13.06731568261921
5.786909895783997,-13.066260317798815
5.790068234761351,-13.06520495297842
5.793226573738705,-13.064149588158026
5.796386223345695,-13.063098153727806
5.7995458729526845,-13.062046719297586
5.802705522559674,-13.060995284867365
5.805865172166664,-13.059943850437145
5.8090248217736535,-13.058892416006927
5.812185352745622,-13.05784363386786
5.815345883717591,-13.056794851728792
5.81850641468956,-13.055746069589725
5.821666945661529,-13.054697287450658
5.824827476633498,-13.053648505311592
5.8279886859511745,-13.052601769600043
5.831149895268851,-13.051555033888494
5.8343111045865275,-13.050508298176945
5.837472313904204,-13.049461562465396
5.8406335232218805,-13.048414826753847
5.843794732539557,-13.047368091042296
5.846956511473879,-13.046323077180915
5.850118290408201,-13.045278063319534
5.853280069342523,-13.044233049458153
5.8564418482768446,-13.04318803559677
5.8596036272111665,-13.04214302173539
5.8627656621651285,-13.04109878280204
5.865927697119091,-13.04005454386869
5.869089732073053,-13.03901030493534
5.872251767027015,-13.03796606600199
5.875413801980976,-13.036921827068639
5.878575895423572,-13.035877765259984
5.881737988866169,-13.03483370345133
5.884900082308765,-13.033789641642676
5.888062175751362,-13.032745579834021
5.891224269193958,-13.031701518025368
5.8943863626365545,-13.030657456216714
5.897548295321441,-13.029612907655732
5.900710228006327,-13.02856835909475
5.903872160691213,-13.027523810533769
5.907034093376099,-13.026479261972787
5.9101960260609845,-13.025434713411803
5.9133575940878345,-13.024389061647783
5.916519162114684,-13.023343409883763
5.919680730141534,-13.022297758119743
5.922842298168384,-13.021252106355723
5.926003866195234,-13.020206454591703
5.929164874054613,-13.019159110659201
5.932325881913991,-13.0181117667267
5.93548688977337,-13.017064422794197
5.938647897632748,-13.016017078861694
5.941808905492127,-13.014969734929192
5.944969913351504,-13.013922390996688
5.948130027280427,-13.012872352922985
5.951290141209349,-13.011822314849281
5.954450255138272,-13.010772276775578
5.957610369067194,-13.009722238701872
5.960770482996117,-13.008672200628169
5.963929604875237,-13.00761918165737
5.9670887267543575,-13.006566162686571
5.970247848633479,-13.005513143715774
5.973406970512599,-13.004460124744975
5.97656609239172,-13.003407105774178
5.9797240537341985,-13.002350611496194
5.982882015076677,-13.001294117218212
5.986039976419155,-13.000237622940228
5.989197937761634,-12.999181128662245
5.992355899104112,-12.998124634384261
5.99551386044659,-12.997068140106279
5.998670323198206,-12.996007176912919
6.00182678594982,-12.994946213719558
6.004983248701435,-12.993885250526196
6.00813971145305,-12.992824287332835
6.011296174204665,-12.991763324139473
6.014451250638432,-12.990698245411357
6.017606327072199,-12.989633166683241
6.020761403505967,-12.988568087955125
6.023916479939734,-12.987503009227009
6.027071556373501,-12.986437930498894
6.030225158158413,-12.985368493365538
6.033378759943325,-12.984299056232182
6.036532361728237,-12.983229619098825
6.039685963513149,-12.982160181965469
6.042839565298061,-12.981090744832112
6.0459931670829725,-12.980021307698756
6.049144913584376,-12.978946415150224
6.05229666008578,-12.977871522601692
6.055448406587184,-12.97679663005316
6.058600153088587,-12.975721737504626
6.061751899589991,-12.974646844956094
6.064901954562341,-12.973567005305418
6.068052009534691,-12.97248716565474
6.071202064507041,-12.971407326004064
6.074352119479391,-12.970327486353387
6.077502174451741,-12.969247646702712
6.080650447214104,-12.968162621996191
6.083798719976468,-12.96707759728967
6.086946992738831,-12.965992572583149
6.090095265501194,-12.964907547876628
6.0932435382635575,-12.963822523170107
6.096391811025921,-12.962737498463586
6.099537859612865,-12.96164604150677
6.102683908199809,-12.960554584549953
6.105829956786754,-12.959463127593137
6.108976005373698,-12.958371670636321
6.1121220539606425,-12.957280213679505
6.115266092965979,-12.956182981373692
6.118410131971316,-12.955085749067878
6.121554170976652,-12.953988516762065
6.124698209981989,-12.952891284456252
6.127842248987325,-12.951794052150436
6.130984184451885,-12.950690810773157
6.134126119916444,-12.949587569395877
6.1372680553810035,-12.948484328018598
6.140409990845563,-12.947381086641316
6.143551926310122,-12.946277845264037
6.146693861774682,-12.945174603886757
6.149833186473893,-12.944063955232627
6.152972511173105,-12.942953306578497
6.156111835872316,-12.941842657924367
6.159251160571528,-12.940732009270237
6.162390485270739,-12.939621360616107
6.165527467466488,-12.938504112790618
6.168664449662235,-12.937386864965129
6.171801431857983,-12.93626961713964
6.17493841405373,-12.93515236931415
6.178075396249477,-12.93403512148866
6.181209937731047,-12.932911044222493
6.184344479212617,-12.931786966956324
6.187479020694187,-12.930662889690156
6.190613562175757,-12.929538812423987
6.193748103657327,-12.92841473515782
6.196882645138897,-12.92729065789165
6.200014168922727,-12.926158200920586
6.203145692706556,-12.925025743949522
6.206277216490386,-12.923893286978458
6.209408740274215,-12.922760830007396
6.2125402640580445,-12.921628373036334
6.2156690957025065,-12.920488499121985
6.2187979273469685,-12.919348625207636
6.22192675899143,-12.918208751293287
6.225055590635892,-12.917068877378938
6.228184422280354,-12.915929003464589
6.2313104582092365,-12.914781484675489
6.2344364941381185,-12.913633965886389
6.237562530067001,-12.912486447097288
6.240688565995883,-12.911338928308188
6.243814601924765,-12.910191409519088
6.246940637853647,-12.909043890729988
6.250063226263865,-12.907887023572373
6.253185814674084,-12.906730156414758
6.256308403084303,-12.905573289257143
6.259430991494521,-12.904416422099528
6.26255357990474,-12.903259554941913
6.265673108098688,-12.902094461019878
6.268792636292636,-12.900929367097843
6.271912164486584,-12.899764273175808
6.275031692680532,-12.898599179253772
6.27815122087448,-12.897434085331737
6.281267578643136,-12.896260537608915
6.284383936411792,-12.895086989886094
6.287500294180448,-12.893913442163273
6.290616651949104,-12.892739894440453
6.2937330097177595,-12.891566346717632
6.296849367486415,-12.890392798994812
6.299961822627648,-12.889208939630777
6.303074277768881,-12.888025080266742
6.306186732910114,-12.886841220902706
6.309299188051347,-12.885657361538671
6.31241164319258,-12.884473502174636
6.315520650010681,-12.88328061634397
6.318629656828782,-12.882087730513305
6.321738663646883,-12.88089484468264
6.324847670464984,-12.879701958851975
6.327956677283085,-12.87850907302131
6.331062117512739,-12.877306932854754
6.3341675577423935,-12.876104792688198
6.337272997972048,-12.87490265252164
6.340378438201702,-12.873700512355086
6.343483878431356,-12.872498372188529
6.34658931866101,-12.871296232021974
6.3496903736785955,-12.87008282451503
6.352791428696181,-12.868869417008087
6.355892483713766,-12.867656009501143
6.358993538731351,-12.866442601994198
6.362094593748936,-12.865229194487254
6.365191790873854,-12.864005973342326
6.368288987998771,-12.862782752197399
6.371386185123689,-12.861559531052471
6.374483382248607,-12.860336309907543
6.377580579373524,-12.859113088762614
6.380673790719877,-12.857879823354523
6.38376700206623,-12.856646557946432
6.386860213412582,-12.85541329253834
6.389953424758935,-12.85418002713025
6.3930466361052884,-12.852946761722158
6.396139847451642,-12.85171349631407
6.399228161630967,-12.850468018281433
6.402316475810292,-12.849222540248796
6.405404789989617,-12.84797706221616
6.408493104168941,-12.846731584183521
6.411581418348266,-12.845486106150885
6.414665442339278,-12.844230042449132
6.4177494663302905,-12.842973978747379
6.420833490321303,-12.841717915045626
6.423917514312315,-12.840461851343873
6.427001538303327,-12.839205787642118
6.430081132940397,-12.837938902930974
6.433160727577467,-12.83667201821983
6.436240322214537,-12.835405133508687
6.439319916851606,-12.834138248797542
6.442399511488676,-12.8328713640864
6.4454745321217235,-12.831593417254041
6.448549552754771,-12.830315470421683
6.451624573387818,-12.829037523589324
6.454699594020865,-12.827759576756966
6.4577746146539114,-12.826481629924606
6.460849635286959,-12.825203683092248
6.463919091627841,-12.82391242875192
6.466988547968723,-12.822621174411589
6.470058004309605,-12.82132992007126
6.4731274606504865,-12.82003866573093
6.476196916991369,-12.818747411390602
6.479261432052334,-12.817444473387042
6.482325947113298,-12.816141535383482
6.485390462174263,-12.814838597379921
6.488454977235228,-12.813535659376361
6.4915194922961925,-12.812232721372801
6.4945789515083945,-12.810917955489128
6.4976384107205964,-12.809603189605452
6.500697869932798,-12.808288423721779
6.503757329145,-12.806973657838103
6.506816788357202,-12.805658891954428
6.509876247569404,-12.804344126070754
6.512929563164117,-12.803015155085712
6.515982878758829,-12.801686184100669
6.519036194353542,-12.800357213115626
6.5220895099482545,-12.799028242130584
6.525142825542968,-12.797699271145543
6.5281907047688525,-12.796357879247395
6.531238583994737,-12.795016487349246
6.534286463220623,-12.793675095451098
6.537334342446507,-12.792333703552949
6.540382221672393,-12.7909923116548
6.543424541384455,-12.789638357900202
6.546466861096518,-12.788284404145603
6.549509180808581,-12.786930450391004
6.552551500520644,-12.785576496636406
6.555593820232707,-12.784222542881807
6.5586361399447695,-12.782868589127208
6.561671705803368,-12.781499560304244
6.564707271661967,-12.78013053148128
6.567742837520566,-12.778761502658316
6.5707784033791645,-12.77739247383535
6.573813969237763,-12.776023445012386
6.576843577498619,-12.774641282291954
6.5798731857594746,-12.773259119571522
6.58290279402033,-12.77187695685109
6.585932402281186,-12.770494794130657
6.5889620105420414,-12.769112631410225
6.591985529027078,-12.76771719743807
6.595009047512115,-12.766321763465916
6.598032565997152,-12.764926329493761
6.601056084482189,-12.763530895521606
6.604079602967226,-12.762135461549452
6.607103121452263,-12.760740027577297
6.610119244841167,-12.759328680808105
6.613135368230071,-12.757917334038913
6.616151491618975,-12.75650598726972
6.619167615007879,-12.75509464050053
6.622183738396783,-12.753683293731338
6.625193356294232,-12.752258127035349
6.62820297419168,-12.750832960339359
6.6312125920891285,-12.74940779364337
6.634222209986577,-12.74798262694738
6.637231827884026,-12.746557460251392
6.64023479933098,-12.74511834160139
6.643237770777933,-12.743679222951389
6.646240742224887,-12.742240104301388
6.649243713671839,-12.740800985651385
6.652246685118793,-12.739361867001383
6.655249656565745,-12.73792274835138
6.658244562354475,-12.736466918925714
6.661239468143204,-12.735011089500048
6.664234373931934,-12.733555260074382
6.667229279720663,-12.732099430648717
6.670224185509393,-12.73064360122305
6.6732120109292214,-12.729173295383903
6.67619983634905,-12.727702989544756
6.679187661768879,-12.726232683705609
6.682175487188707,-12.724762377866462
6.685163312608536,-12.723292072027316
6.688143909187308,-12.721807166631471
6.691124505766081,-12.720322261235626
6.694105102344854,-12.718837355839781
6.697085698923627,-12.717352450443936
6.7000662955024,-12.715867545048091
6.703046892081172,-12.714382639652246
6.706018725930561,-12.71288027366101
6.70899055977995,-12.711377907669775
6.7119623936293396,-12.709875541678539
6.714934227478729,-12.708373175687303
6.717906061328118,-12.706870809696065
6.720870212798476,-12.705353342707701
6.723834364268835,-12.703835875719337
6.726798515739193,-12.702318408730973
6.729762667209552,-12.700800941742608
6.73272681867991,-12.699283474754246
6.7356831344467905,-12.697750798308777
6.738639450213671,-12.696218121863307
6.741595765980551,-12.694685445417837
6.744552081747432,-12.69315276897237
6.747508397514312,-12.6916200925269
6.750464713281192,-12.690087416081433
6.753411546765796,-12.688536586492464
6.7563583802504,-12.686985756903496
6.759305213735004,-12.68543492731453
6.762252047219608,-12.683884097725562
6.7651988807042125,-12.682333268136595
6.76813740274138,-12.68076674707479
6.771075924778548,-12.679200226012984
6.774014446815715,-12.677633704951178
6.776952968852882,-12.676067183889373
6.779891490890049,-12.674500662827565
6.782821547690699,-12.672918364769371
6.78575160449135,-12.671336066711177
6.788681661292,-12.669753768652983
6.791611718092651,-12.668171470594789
6.794541774893301,-12.666589172536595
6.797471831693952,-12.665006874478403
6.800391669439659,-12.663405797485018
6.803311507185366,-12.661804720491633
6.8062313449310725,-12.660203643498248
6.809151182676779,-12.658602566504863
6.812071020422486,-12.65700148951148
6.814981891025165,-12.655384166929414
6.817892761627844,-12.653766844347349
6.820803632230523,-12.652149521765283
6.8237145028332025,-12.650532199183218
6.826625373435882,-12.648914876601152
6.829527128926701,-12.647281256366366
6.832428884417519,-12.64564763613158
6.835330639908337,-12.644014015896794
6.838232395399155,-12.642380395662006
6.841134150889974,-12.64074677542722
6.844035906380792,-12.639113155192431
6.846926695225261,-12.63746020635575
6.849817484069731,-12.635807257519065
6.8527082729142,-12.634154308682383
6.85559906175867,-12.6325013598457
6.8584898506031395,-12.630848411009017
6.861370991008069,-12.629178701463294
6.864252131412999,-12.627508991917571
6.86713327181793,-12.625839282371848
6.870014412222861,-12.624169572826125
6.872895552627791,-12.622499863280401
6.875776693032722,-12.620830153734678
6.878646237132464,-12.619140592649769
6.881515781232205,-12.61745103156486
6.884385325331947,-12.615761470479951
6.887254869431689,-12.614071909395042
6.890124413531431,-12.612382348310133
6.892983919293543,-12.61067585283799
6.895843425055655,-12.608969357365845
6.898702930817767,-12.607262861893702
6.901562436579879,-12.605556366421558
6.90442194234199,-12.603849870949412
6.9072712114885535,-12.602126338144258
6.910120480635117,-12.600402805339103
6.91296974978168,-12.598679272533948
6.915819018928243,-12.596955739728793
6.918668288074806,-12.595232206923638
6.92151755722137,-12.593508674118485
6.924354491287816,-12.591764912350744
6.927191425354262,-12.590021150583002
6.9300283594207075,-12.58827738881526
6.932865293487153,-12.586533627047517
6.935702227553599,-12.584789865279776
6.938528401368546,-12.583028717481405
6.941354575183493,-12.581267569683034
6.94418074899844,-12.579506421884663
6.9470069228133875,-12.577745274086292
6.949833096628335,-12.57598412628792
6.952648347543066,-12.574205570051221
6.955463598457798,-12.572427013814522
6.95827884937253,-12.570648457577823
6.961094100287261,-12.568869901341124
6.963909351201993,-12.567091345104425
6.966724602116724,-12.565312788867724
6.969526780292037,-12.563513706470001
6.972328958467351,-12.561714624072279
6.9751311366426645,-12.559915541674556
6.977933314817978,-12.558116459276834
6.980735492993292,-12.556317376879111
6.983526168939496,-12.554500503806143
6.9863168448857,-12.552683630733174
6.989107520831904,-12.550866757660206
6.991898196778108,-12.549049884587237
6.994688872724313,-12.547233011514269
6.997479548670518,-12.5454161384413
7.000256586402915,-12.543578487377347
7.003033624135312,-12.541740836313394
7.0058106618677085,-12.539903185249441
7.008587699600105,-12.538065534185488
7.011364737332502,-12.536227883121535
7.014130346219519,-12.534373076532143
7.016895955106535,-12.53251826994275
7.019661563993552,-12.530663463353358
7.022427172880568,-12.528808656763966
7.0251927817675845,-12.526953850174571
7.027958390654601,-12.525099043585179
7.030710964347086,-12.52322494698483
7.0334635380395705,-12.52135085038448
7.036216111732054,-12.51947675378413
7.038968685424539,-12.51760265718378
7.041721259117023,-12.51572856058343
7.0444632437669235,-12.51383900503259
7.047205228416824,-12.51194944948175
7.049947213066725,-12.510059893930908
7.052689197716625,-12.508170338380069
7.055431182366525,-12.506280782829228
7.058162969195092,-12.504376513750744
7.060894756023658,-12.50247224467226
7.063626542852225,-12.500567975593777
7.066358329680791,-12.498663706515293
7.069090116509358,-12.49675943743681
7.071821903337924,-12.494855168358326
7.074542185827828,-12.492934500980793
7.077262468317731,-12.491013833603258
7.079982750807635,-12.489093166225725
7.0827030332975385,-12.487172498848192
7.085423315787442,-12.485251831470658
7.088134142012228,-12.483317840473001
7.090844968237014,-12.481383849475344
7.0935557944618,-12.479449858477688
7.096266620686586,-12.477515867480033
7.098977446911372,-12.475581876482376
7.1016882731361575,-12.473647885484722
7.104388567651154,-12.47169921682836
7.10708886216615,-12.469750548172
7.109789156681146,-12.467801879515639
7.112489451196143,-12.465853210859278
7.115189745711139,-12.463904542202917
7.117881482496157,-12.461944069535374
7.120573219281176,-12.459983596867831
7.123264956066194,-12.458023124200288
7.125956692851212,-12.456062651532745
7.128648429636231,-12.454102178865202
7.131340166421249,-12.45214170619766
7.1340224011455815,-12.450168253162094
7.136704635869914,-12.448194800126528
7.139386870594247,-12.446221347090962
7.142069105318581,-12.444247894055396
7.144751340042914,-12.44227444101983
7.147425929277645,-12.44029063850308
7.150100518512376,-12.438306835986332
7.1527751077471065,-12.436323033469582
7.155449696981837,-12.434339230952832
7.158124286216568,-12.432355428436082
7.160798875451298,-12.430371625919332
7.163465020048361,-12.42837648858382
7.1661311646454235,-12.42638135124831
7.168797309242486,-12.424386213912799
7.171463453839549,-12.422391076577288
7.174129598436612,-12.420395939241775
7.176789019116997,-12.418391848015125
7.179448439797382,-12.416387756788474
7.1821078604777675,-12.414383665561822
7.184767281158153,-12.412379574335171
7.187426701838537,-12.410375483108519
7.190086122518922,-12.408371391881868
7.192738177145412,-12.406357563125963
7.195390231771903,-12.404343734370059
7.198042286398393,-12.402329905614154
7.200694341024883,-12.40031607685825
7.203346395651374,-12.398302248102345
7.205992655328158,-12.396280810563606
7.208638915004943,-12.394259373024868
7.211285174681727,-12.39223793548613
7.2139314343585115,-12.39021649794739
7.216577694035296,-12.38819506040865
7.21922395371208,-12.38617362286991
7.221863941378062,-12.384144000953526
7.224503929044043,-12.382114379037143
7.227143916710024,-12.380084757120759
7.229783904376005,-12.378055135204374
7.232423892041986,-12.37602551328799
7.235059019983675,-12.373989585801333
7.237694147925364,-12.371953658314675
7.240329275867053,-12.369917730828018
7.242964403808742,-12.367881803341358
7.245599531750431,-12.3658458758547
7.24823465969212,-12.363809948368042
7.2508646202108995,-12.361767350103658
7.253494580729679,-12.359724751839275
7.256124541248459,-12.357682153574892
7.258754501767239,-12.355639555310509
7.26138446228602,-12.353596957046127
7.264010503910702,-12.351549322951511
7.266636545535384,-12.349501688856895
7.269262587160066,-12.347454054762279
7.2718886287847475,-12.345406420667663
7.274514670409429,-12.343358786573047
7.277140712034111,-12.34131115247843
7.279762697277086,-12.339258326770867
7.28238468252006,-12.337205501063305
7.285006667763035,-12.335152675355744
7.28762865300601,-12.333099849648184
7.290250638248985,-12.331047023940622
7.292869650600996,-12.328990406742403
7.295488662953007,-12.326933789544183
7.298107675305018,-12.324877172345964
7.300726687657029,-12.322820555147743
7.30334570000904,-12.320763937949524
7.3059647123610505,-12.318707320751303
7.308580782549248,-12.316646962343057
7.311196852737445,-12.314586603934812
7.313812922925642,-12.312526245526568
7.316428993113839,-12.310465887118323
7.319045063302037,-12.308405528710079
7.321659111370853,-12.30634260537318
7.324273159439669,-12.304279682036281
7.326887207508485,-12.302216758699382
7.329501255577301,-12.300153835362485
7.332115303646117,-12.298090912025586
7.334729351714933,-12.296027988688689
7.337341572493911,-12.293962751994778
7.3399537932728895,-12.291897515300867
7.342566014051868,-12.289832278606957
7.345178234830846,-12.287767041913046
7.347790455609825,-12.285701805219137
7.350401609301163,-12.2836352195325
7.353012762992501,-12.281568633845861
7.355623916683839,-12.279502048159225
7.358235070375176,-12.277435462472587
7.360846224066514,-12.27536887678595
7.363457377757852,-12.273302291099313
7.366067817822114,-12.271234804056816
7.368678257886376,-12.269167317014318
7.3712886979506385,-12.267099829971821
7.373899138014901,-12.265032342929324
7.376509578079163,-12.262964855886826
7.379119909654391,-12.260897231871835
7.3817302412296195,-12.258829607856844
7.384340572804847,-12.256761983841853
7.386950904380075,-12.254694359826862
7.389561235955303,-12.252626735811871
7.392171567530531,-12.25055911179688
7.394782296583551,-12.248491989688315
7.397393025636571,-12.24642486757975
7.400003754689592,-12.244357745471184
7.402614483742612,-12.242290623362619
7.405225212795632,-12.240223501254054
7.407835941848653,-12.23815637914549
7.410447677096948,-12.236090528474987
7.413059412345243,-12.234024677804484
7.415671147593538,-12.231958827133981
7.418282882841833,-12.229892976463479
7.420894618090128,-12.227827125792976
7.423507718939009,-12.225763002745873
7.426120819787889,-12.223698879698771
7.42873392063677,-12.221634756651667
7.43134702148565,-12.219570633604565
7.43396012233453,-12.217506510557461
7.4365732231834105,-12.21544238751036
7.439188448807617,-12.21338095719757
7.441803674431824,-12.21131952688478
7.444418900056031,-12.20925809657199
7.447034125680238,-12.2071966662592
7.449649351304445,-12.205135235946411
7.452266894234447,-12.203076748878296
7.454884437164449,-12.20101826181018
7.4575019800944515,-12.198959774742065
7.460119523024454,-12.196901287673949
7.462737065954456,-12.194842800605834
7.465354608884458,-12.19278431353772
7.467975388172773,-12.19072994844798
7.470596167461088,-12.188675583358242
7.473216946749403,-12.186621218268503
7.475837726037717,-12.184566853178763
7.4784585053260315,-12.182512488089023
7.4810825533507765,-12.180462299813808
7.483706601375522,-12.178412111538593
7.486330649400267,-12.176361923263379
7.488954697425012,-12.174311734988164
7.491578745449757,-12.17226154671295
7.494202793474502,-12.170211358437735
7.496831183572104,-12.168166739770397
7.499459573669706,-12.16612212110306
7.502087963767308,-12.164077502435722
7.50471635386491,-12.162032883768385
7.507344743962512,-12.159988265101047
7.50997735164699,-12.157949079778515
7.512609959331468,-12.155909894455982
7.515242567015946,-12.153870709133452
7.517875174700424,-12.15183152381092
7.520507782384902,-12.149792338488387
7.52314039006938,-12.147753153165857
7.525778439116585,-12.145721012121406
7.528416488163789,-12.143688871076955
7.531054537210994,-12.141656730032505
7.533692586258198,-12.139624588988053
7.5363306353054025,-12.137592447943602
7.538973845407948,-12.135567024443738
7.5416170555104936,-12.133541600943873
7.544260265613039,-12.13151617744401
7.546903475715585,-12.129490753944145
7.549546685818131,-12.12746533044428
7.552189895920677,-12.125439906944417
7.554839639480119,-12.123423038314785
7.557489383039561,-12.121406169685153
7.560139126599004,-12.11938930105552
7.562788870158446,-12.117372432425887
7.565438613717888,-12.115355563796255
7.568094453035133,-12.113346728929727
7.570750292352378,-12.1113378940632
7.573406131669623,-12.109329059196671
7.576061970986868,-12.107320224330145
7.578717810304113,-12.105311389463617
7.581373649621359,-12.103302554597091
7.584037106203147,-12.101303830244678
7.5867005627849355,-12.099305105892265
7.589364019366724,-12.097306381539852
7.592027475948512,-12.095307657187439
7.594690932530299,-12.093308932835026
7.5973614067157875,-12.09131959434582
7.600031880901276,-12.089330255856613
7.602702355086764,-12.087340917367404
7.605372829272253,-12.085351578878198
7.60804330345774,-12.08336224038899
7.6107137776432285,-12.081372901899783
7.613392943117293,-12.079395284049292
7.616072108591356,-12.0774176661988
7.618751274065421,-12.075440048348309
7.621430439539484,-12.073462430497816
7.624109605013548,-12.071484812647325
7.626796692124695,-12.069517971815658
7.629483779235842,-12.067551130983992
7.632170866346988,-12.065584290152325
7.634857953458135,-12.063617449320658
7.6375450405692815,-12.061650608488993
7.640232127680428,-12.059683767657326
7.642928968353317,-12.057730321885094
7.645625809026206,-12.055776876112862
7.648322649699095,-12.05382343034063
7.651019490371984,-12.051869984568398
7.653716331044872,-12.049916538796165
7.6564219735558305,-12.047975302436807
7.659127616066789,-12.04603406607745
7.661833258577748,-12.044092829718092
7.664538901088707,-12.042151593358735
7.667244543599665,-12.040210356999376
7.669950186110624,-12.038269120640019
7.672666630235643,-12.036343028400365
7.675383074360662,-12.034416936160714
7.678099518485681,-12.032490843921062
7.6808159626106995,-12.030564751681409
7.6835324067357185,-12.028638659441757
7.686258501735931,-12.026726250999552
7.688984596736143,-12.024813842557347
7.691710691736355,-12.022901434115141
7.694436786736567,-12.020989025672936
7.697162881736779,-12.01907661723073
7.699888976736992,-12.017164208788525
7.702626904226297,-12.015268779269048
7.705364831715602,-12.013373349749571
7.708102759204906,-12.011477920230092
7.710840686694211,-12.009582490710615
7.713578614183516,-12.007687061191138
7.716327001464184,-12.005806830525644
7.719075388744852,-12.00392659986015
7.721823776025521,-12.002046369194657
7.724572163306189,-12.000166138529163
7.727320550586858,-11.99828590786367
7.730079762310795,-11.996421598162337
7.732838974034732,-11.994557288461003
7.735598185758669,-11.99269297875967
7.7383573974826065,-11.990828669058336
7.741116609206545,-11.988964359357004
7.743875820930482,-11.98710004965567
7.746648152155492,-11.98525530588516
7.7494204833805025,-11.983410562114651
7.752192814605513,-11.98156581834414
7.754965145830523,-11.979721074573632
7.757737477055533,-11.977876330803122
7.760521510791681,-11.976049296004332
7.763305544527828,-11.974222261205542
7.766089578263975,-11.972395226406752
7.768873612000123,-11.970568191607962
7.77165764573627,-11.96874115680917
7.774441679472417,-11.96691412201038
7.777239797844625,-11.96510873186553
7.780037916216832,-11.963303341720682
7.78283603458904,-11.961497951575833
7.785634152961247,-11.959692561430984
7.788432271333455,-11.957887171286135
7.79124278280741,-11.956101135100957
7.7940532942813645,-11.954315098915778
7.7968638057553195,-11.9525290627306
7.799674317229274,-11.950743026545421
7.802484828703229,-11.948956990360243
7.805307996593402,-11.94719102799827
7.808131164483574,-11.945425065636298
7.810954332373746,-11.943659103274326
7.813777500263918,-11.941893140912354
7.8166006681540905,-11.940127178550382
7.819423836044263,-11.93836121618841
7.8222621918797115,-11.936619769619785
7.825100547715159,-11.93487832305116
7.827938903550607,-11.933136876482536
7.830777259386055,-11.931395429913911
7.833615615221503,-11.929653983345286
7.836467400317246,-11.92793461666895
7.839319185412989,-11.926215249992612
7.8421709705087315,-11.924495883316276
7.845022755604474,-11.922776516639939
7.847874540700217,-11.9210571499636
7.85072632579596,-11.919337783287263
7.853594137585956,-11.917645283497851
7.856461949375952,-11.91595278370844
7.859329761165949,-11.914260283919027
7.862197572955944,-11.912567784129616
7.8650653847459395,-11.910875284340202
7.867947126080858,-11.90920661214992
7.870828867415776,-11.907537939959637
7.873710608750694,-11.905869267769353
7.8765923500856125,-11.90420059557907
7.87947409142053,-11.902531923388786
7.882369943909103,-11.900887861843579
7.885265796397675,-11.899243800298372
7.888161648886248,-11.897599738753165
7.891057501374821,-11.895955677207958
7.8939533538633935,-11.894311615662751
7.896849206351966,-11.892667554117544
7.899761915002279,-11.89105354410568
7.902674623652592,-11.889439534093817
7.905587332302905,-11.887825524081954
7.908500040953218,-11.88621151407009
7.911412749603531,-11.88459750405823
7.914340113267786,-11.883010229041984
7.917267476932042,-11.881422954025739
7.920194840596298,-11.879835679009494
7.923122204260554,-11.878248403993249
7.926049567924808,-11.876661128977004
7.9289916645728855,-11.87510133177436
7.931933761220963,-11.873541534571716
7.93487585786904,-11.871981737369072
7.937817954517117,-11.870421940166429
7.940760051165194,-11.868862142963785
7.943702147813272,-11.867302345761143
7.946661726608292,-11.865775979698869
7.949621305403313,-11.864249613636595
7.952580884198333,-11.862723247574321
7.955540462993354,-11.861196881512047
7.9585000417883744,-11.859670515449773
7.961474760184682,-11.858173869044416
7.96444947858099,-11.856677222639059
7.967424196977298,-11.855180576233701
7.970398915373606,-11.853683929828344
7.9733736337699135,-11.852187283422989
7.976363470376505,-11.850721071615
7.979353306983096,-11.849254859807012
7.982343143589688,-11.847788647999023
7.985332980196279,-11.846322436191034
7.988322816802871,-11.844856224383046
7.991312653409462,-11.843390012575057
7.9943203228860735,-11.841960738521747
7.997327992362685,-11.840531464468437
8.000335661839296,-11.839102190415128
8.003343331315907,-11.837672916361818
8.006351000792518,-11.836243642308508
8.00937401160857,-11.834847108883903
8.01239702242462,-11.833450575459297
8.015420033240671,-11.832054042034692
8.018443044056722,-11.830657508610084
8.021466054872773,-11.829260975185479
8.024504196471248,-11.827897671980901
8.027542338069724,-11.826534368776324
8.030580479668199,-11.825171065571746
8.033618621266674,-11.823807762367169
8.03665676286515,-11.822444459162591
8.039694904463625,-11.821081155958014
8.04275038380277,-11.819757167284328
8.045805863141917,-11.818433178610642
8.048861342481063,-11.817109189936955
8.051916821820209,-11.815785201263267
8.054972301159355,-11.814461212589581
8.05804211289073,-11.813170803377776
8.061111924622105,-11.811880394165971
8.064181736353481,-11.810589984954168
8.067251548084856,-11.809299575742363
8.070321359816232,-11.80800916653056
8.073404933420202,-11.806751997556672
8.07648850702417,-11.805494828582784
8.07957208062814,-11.804237659608896
8.08265565423211,-11.802980490635008
8.08573922783608,-11.80172332166112
8.088822801440049,-11.800466152687232
8.091922020596856,-11.7992480637668
8.095021239753663,-11.798029974846367
8.09812045891047,-11.796811885925935
8.101219678067277,-11.795593797005502
8.104318897224084,-11.79437570808507
8.107430966021905,-11.793190833493547
8.110543034819724,-11.792005958902024
8.113655103617543,-11.790821084310501
8.116767172415363,-11.789636209718978
8.119879241213182,-11.788451335127455
8.123003618724997,-11.787299308581032
8.126127996236812,-11.786147282034609
8.129252373748628,-11.784995255488186
8.132376751260443,-11.783843228941763
8.135501128772258,-11.78269120239534
8.138625506284074,-11.781539175848915
8.141763839794155,-11.780425729496592
8.144902173304237,-11.77931228314427
8.148040506814318,-11.778198836791947
8.1511788403244,-11.777085390439623
8.154317173834482,-11.7759719440873
8.157466909891362,-11.774891174559606
8.160616645948242,-11.773810405031913
8.163766382005122,-11.77272963550422
8.166916118062002,-11.771648865976527
8.170065854118882,-11.770568096448834
8.173226484763765,-11.769519614724326
8.176387115408648,-11.768471132999817
8.179547746053531,-11.767422651275309
8.182708376698415,-11.7663741695508
8.185869007343298,-11.765325687826293
8.189029637988181,-11.764277206101784
8.192202576071812,-11.763266580593772
8.195375514155444,-11.76225595508576
8.198548452239075,-11.761245329577747
8.201721390322707,-11.760234704069735
8.204894328406336,-11.75922407856172
8.208077283693914,-11.758245459311306
8.211260238981492,-11.757266840060892
8.21444319426907,-11.756288220810475
8.217626149556647,-11.755309601560059
8.220809104844225,-11.754330982309645
8.224001599382632,-11.75338394555099
8.227194093921039,-11.752436908792335
8.230386588459446,-11.75148987203368
8.233579082997853,-11.750542835275025
8.23677157753626,-11.74959579851637
8.239964072074667,-11.748648761757716
8.243167287350946,-11.747738645339991
8.246370502627226,-11.746828528922267
8.249573717903505,-11.745918412504542
8.252776933179785,-11.745008296086818
8.255980148456064,-11.744098179669095
8.259192075198538,-11.743219301633767
8.262404001941011,-11.742340423598439
8.265615928683484,-11.74146154556311
8.268827855425958,-11.740582667527782
8.27203978216843,-11.739703789492454
8.275259966959156,-11.738855668089833
8.278480151749882,-11.738007546687212
8.281700336540608,-11.737159425284592
8.284920521331333,-11.73631130388197
8.288140706122057,-11.735463182479348
8.291360890912783,-11.734615061076727
8.294590290674853,-11.733802732832268
8.297819690436922,-11.73299040458781
8.301049090198992,-11.73217807634335
8.304278489961062,-11.73136574809889
8.307507889723132,-11.73055341985443
8.310744785084841,-11.729771493759879
8.31398168044655,-11.728989567665327
8.31721857580826,-11.728207641570775
8.32045547116997,-11.727425715476222
8.323692366531679,-11.726643789381669
8.326929261893389,-11.725861863287117
8.330174474516282,-11.725115207387645
8.333419687139175,-11.724368551488174
8.336664899762068,-11.723621895588705
8.339910112384961,-11.722875239689234
8.343155325007855,-11.722128583789765
8.346407190277498,-11.72141145599914
8.349659055547141,-11.720694328208516
8.352910920816784,-11.719977200417892
8.356162786086427,-11.719260072627268
8.35941465135607,-11.718542944836642
8.362672802612988,-11.717854940194902
8.365930953869904,-11.717166935553163
8.369189105126821,-11.716478930911425
8.372447256383738,-11.715790926269685
8.375705407640655,-11.715102921627947
8.378963558897572,-11.714414916986208
8.382228667687748,-11.713760726961587
8.385493776477924,-11.713106536936966
8.3887588852681,-11.712452346912345
8.392023994058276,-11.711798156887724
8.395289102848452,-11.711143966863105
8.398559823172974,-11.710518436241347
8.401830543497496,-11.70989290561959
8.405101263822019,-11.709267374997832
8.408371984146541,-11.708641844376075
8.411642704471063,-11.70801631375432
8.414913424795586,-11.707390783132562
8.418190301513818,-11.706798348348373
8.42146717823205,-11.706205913564187
8.424744054950281,-11.705613478779998
8.428020931668513,-11.70502104399581
8.431297808386745,-11.704428609211623
8.434579590217268,-11.703863978343845
8.437861372047792,-11.703299347476067
8.441143153878315,-11.702734716608289
8.444424935708838,-11.702170085740512
8.447706717539361,-11.701605454872734
8.450988499369885,-11.701040824004957
8.454275668643715,-11.700508453677847
8.457562837917546,-11.699976083350737
8.460850007191377,-11.699443713023626
8.464137176465208,-11.698911342696515
8.467424345739039,-11.698378972369406
8.470715768226054,-11.697873563612095
8.474007190713069,-11.697368154854784
8.477298613200084,-11.696862746097473
8.480590035687099,-11.696357337340162
8.483881458174114,-11.69585192858285
8.487172880661129,-11.69534651982554
8.490468966075971,-11.69487247242489
8.493765051490813,-11.69439842502424
8.497061136905655,-11.69392437762359
8.500357222320497,-11.69345033022294
8.50365330773534,-11.69297628282229
8.50695297700564,-11.692527860357817
8.510252646275939,-11.692079437893344
8.513552315546239,-11.69163101542887
8.516851984816538,-11.691182592964395
8.520151654086838,-11.690734170499923
8.523451323357138,-11.690285748035448
8.526754738659873,-11.689865810733393
8.530058153962608,-11.689445873431337
8.533361569265344,-11.689025936129282
8.536664984568079,-11.688605998827226
8.539968399870814,-11.68818606152517
8.543274580245118,-11.687788479668734
8.546580760619422,-11.687390897812298
8.549886940993726,-11.686993315955862
8.55319312136803,-11.686595734099425
8.556499301742335,-11.686198152242989
8.559805482116639,-11.685800570386554
8.563114524269036,-11.685427555596414
8.566423566421433,-11.685054540806274
8.56973260857383,-11.684681526016133
8.573041650726227,-11.684308511225993
8.576350692878624,-11.683935496435854
8.579661836832361,-11.683581623976313
8.5829729807861,-11.683227751516771
8.586284124739837,-11.68287387905723
8.589595268693575,-11.682520006597688
8.592906412647313,-11.682166134138148
8.59621755660105,-11.681812261678607
8.5995308513209,-11.681479127922548
8.602844146040749,-11.68114599416649
8.606157440760597,-11.680812860410432
8.609470735480446,-11.680479726654372
8.612784030200295,-11.680146592898314
8.616098897036505,-11.679829484307774
8.619413763872714,-11.679512375717234
8.622728630708924,-11.679195267126694
8.626043497545133,-11.678878158536156
8.629358364381343,-11.678561049945618
8.632673231217552,-11.678243941355078
8.63598968159016,-11.677943846493367
8.639306131962769,-11.677643751631656
8.642622582335378,-11.677343656769946
8.645939032707986,-11.677043561908235
8.649255483080594,-11.676743467046526
8.65257308249272,-11.676456353583484
8.655890681904847,-11.676169240120442
8.659208281316973,-11.675882126657402
8.662525880729099,-11.67559501319436
8.665843480141225,-11.67530789973132
8.669161079553351,-11.675020786268279
8.672479810713671,-11.67474706472086
8.675798541873991,-11.67447334317344
8.679117273034311,-11.674199621626023
8.682436004194631,-11.673925900078604
8.685754735354951,-11.673652178531187
8.689073466515271,-11.673378456983768
8.692393147642417,-11.673116508106942
8.695712828769562,-11.672854559230116
8.699032509896707,-11.67259261035329
8.702352191023852,-11.672330661476463
8.705671872150997,-11.672068712599636
8.708992194427088,-11.671815019905821
8.712312516703179,-11.671561327212007
8.71563283897927,-11.671307634518193
8.71895316125536,-11.671053941824379
8.72227348353145,-11.670800249130563
8.725593805807542,-11.670546556436749
8.728914735185723,-11.67030093871522
8.732235664563905,-11.670055320993692
8.735556593942087,-11.669809703272161
8.73887752332027,-11.669564085550633
8.742198452698451,-11.669318467829102
8.745519773896774,-11.66907820651809
8.748841095095097,-11.668837945207079
8.75216241629342,-11.668597683896067
8.755483737491742,-11.668357422585055
8.758805058690065,-11.668117161274044
8.762126379888388,-11.66787689996303
8.765448032507885,-11.667641264916018
8.768769685127383,-11.667405629869005
8.77209133774688,-11.667169994821993
8.775412990366378,-11.66693435977498
8.778734642985876,-11.666698724727967
8.782056295605374,-11.666463089680954
8.785378152086738,-11.666230346223008
8.788700008568101,-11.66599760276506
8.792021865049465,-11.665764859307114
8.795343721530829,-11.665532115849166
8.798665578012193,-11.66529937239122
8.801987493675492,-11.66506747515982
8.805309409338792,-11.66483557792842
8.808631325002091,-11.66460368069702
8.81195324066539,-11.66437178346562
8.81527515632869,-11.66413988623422
8.81859707199199,-11.663907989002821
8.821918947098336,-11.663675511524698
8.825240822204682,-11.663443034046574
8.828562697311028,-11.663210556568451
8.831884572417374,-11.662978079090328
8.83520644752372,-11.662745601612205
8.838528178795674,-11.662511077931239
8.841849910067626,-11.662276554250273
8.84517164133958,-11.662042030569307
8.848493372611532,-11.66180750688834
8.851815103883485,-11.661572983207375
8.855136835155438,-11.661338459526409
8.85845828507893,-11.661099984358456
8.861779735002422,-11.660861509190504
8.865101184925914,-11.660623034022551
8.868422634849406,-11.660384558854599
8.8717440847729,-11.660146083686648
8.875065534696391,-11.659907608518695
8.878386558925936,-11.659663276640348
8.88170758315548,-11.659418944762
8.885028607385024,-11.659174612883653
8.888349631614568,-11.658930281005306
8.891670655844113,-11.658685949126959
8.89499119300451,-11.658435084688609
8.898311730164906,-11.65818422025026
8.901632267325303,-11.65793335581191
8.9049528044857,-11.65768249137356
8.908273341646096,-11.657431626935209
8.911593878806492,-11.657180762496859
8.914913705848136,-11.656920669410487
8.91823353288978,-11.656660576324118
8.921553359931423,-11.656400483237746
8.924873186973066,-11.656140390151377
8.92819301401471,-11.655880297065005
8.93151208138416,-11.655610682901706
8.93483114875361,-11.655341068738407
8.93815021612306,-11.65507145457511
8.94146928349251,-11.65480184041181
8.944788350861959,-11.654532226248513
8.948107418231409,-11.654262612085214
8.951425433252801,-11.653980342147353
8.954743448274193,-11.653698072209492
8.958061463295586,-11.653415802271631
8.961379478316978,-11.65313353233377
8.96469749333837,-11.65285126239591
8.968015508359763,-11.652568992458047
8.971332229675946,-11.652271907098633
8.97464895099213,-11.65197482173922
8.977965672308313,-11.651677736379806
8.981282393624497,-11.651380651020393
8.98459911494068,-11.651083565660981
8.987914553907805,-11.650772495805047
8.99122999287493,-11.650461425949112
8.994545431842054,-11.650150356093178
8.997860870809179,-11.649839286237246
9.001176309776303,-11.649528216381311
9.004491748743428,-11.649217146525379
9.007805477522348,-11.648888358478525
9.011119206301268,-11.64855957043167
9.014432935080189,-11.648230782384816
9.017746663859109,-11.647901994337962
9.021060392638029,-11.647573206291108
9.02437244710863,-11.647227959736064
9.027684501579232,-11.64688271318102
9.030996556049834,-11.646537466625976
9.034308610520435,-11.646192220070931
9.037620664991037,-11.645846973515885
9.040932719461638,-11.645501726960841
9.044242569995555,-11.645135954568314
9.047552420529472,-11.644770182175787
9.050862271063389,-11.64440440978326
9.054172121597306,-11.644038637390732
9.057481972131223,-11.643672864998205
9.06078967116703,-11.643288122111946
9.064097370202836,-11.642903379225686
9.067405069238642,-11.642518636339426
9.070712768274449,-11.642133893453167
9.074020467310255,-11.641749150566907
9.077328166346062,-11.641364407680646
9.080633058297739,-11.640956254293128
9.083937950249416,-11.64054810090561
9.087242842201093,-11.640139947518092
9.09054773415277,-11.639731794130574
9.093852626104447,-11.639323640743058
9.097154787190878,-11.638893952298643
9.100456948277309,-11.638464263854228
9.10375910936374,-11.638034575409815
9.10706127045017,-11.6376048869654
9.110363431536602,-11.637175198520987
9.113665592623033,-11.636745510076572
9.11696421328821,-11.636289438034824
9.120262833953387,-11.635833365993076
9.123561454618564,-11.635377293951327
9.12686007528374,-11.634921221909579
9.130158695948918,-11.63446514986783
9.133453887992054,-11.63398493179357
9.136749080035191,-11.63350471371931
9.140044272078327,-11.63302449564505
9.143339464121464,-11.63254427757079
9.1466346561646,-11.63206405949653
9.149929848207737,-11.631583841422271
9.153220613468369,-11.631074170941059
9.156511378729,-11.630564500459846
9.159802143989632,-11.630054829978633
9.163092909250263,-11.62954515949742
9.166383674510895,-11.629035489016205
9.169670178400548,-11.628499026358329
9.1729566822902,-11.627962563700452
9.176243186179853,-11.627426101042573
9.179529690069506,-11.626889638384696
9.182816193959159,-11.626353175726818
9.186102697848812,-11.625816713068941
9.189383710343565,-11.625247628708525
9.192664722838318,-11.624678544348109
9.195945735333071,-11.624109459987695
9.199226747827824,-11.623540375627279
9.202507760322577,-11.622971291266865
9.205783527455067,-11.62237275163267
9.209059294587556,-11.621774211998474
9.212335061720045,-11.621175672364279
9.215610828852535,-11.620577132730084
9.218886595985024,-11.61997859309589
9.222162363117514,-11.619380053461695
9.225431368234005,-11.61874562021197
9.228700373350497,-11.618111186962244
9.231969378466989,-11.617476753712518
9.23523838358348,-11.616842320462792
9.238507388699972,-11.616207887213067
9.241769998578855,-11.615541346307937
9.245032608457738,-11.614874805402808
9.24829521833662,-11.614208264497679
9.251557828215503,-11.613541723592549
9.254820438094386,-11.61287518268742
9.258083047973269,-11.612208641782289
9.261337388774596,-11.611502833062577
9.264591729575923,-11.610797024342865
9.26784607037725,-11.610091215623155
9.271100411178576,-11.609385406903444
9.274354751979903,-11.608679598183734
9.277601370773874,-11.607939080522481
9.280847989567846,-11.60719856286123
9.284094608361817,-11.606458045199979
9.287341227155789,-11.605717527538726
9.29058784594976,-11.604977009877475
9.293826065535109,-11.60420058607757
9.297064285120458,-11.603424162277664
9.300302504705806,-11.602647738477758
9.303540724291157,-11.601871314677853
9.306778943876507,-11.601094890877949
9.310017163461856,-11.600318467078043
9.313244581477191,-11.599498300659384
9.316471999492526,-11.598678134240725
9.319699417507861,-11.597857967822065
9.322926835523196,-11.597037801403406
9.326154253538531,-11.596217634984747
9.329371547200974,-11.5953586114172
9.332588840863417,-11.594499587849654
9.33580613452586,-11.593640564282108
9.339023428188304,-11.592781540714563
9.342240721850747,-11.591922517147017
9.345447112909481,-11.591023653209335
9.348653503968215,-11.590124789271654
9.35185989502695,-11.589225925333972
9.355066286085684,-11.58832706139629
9.358272677144418,-11.587428197458609
9.361479068203153,-11.586529333520927
9.364671552815324,-11.585582263301221
9.367864037427495,-11.584635193081516
9.371056522039666,-11.58368812286181
9.374249006651837,-11.582741052642104
9.377441491264008,-11.581793982422397
9.380620966825969,-11.580804116193608
9.38380044238793,-11.579814249964821
9.38697991794989,-11.578824383736032
9.390159393511851,-11.577834517507245
9.393338869073812,-11.576844651278456
9.396518344635773,-11.57585478504967
9.399681267749008,-11.57481323938108
9.402844190862243,-11.573771693712489
9.406007113975479,-11.572730148043899
9.409170037088714,-11.571688602375309
9.41233296020195,-11.570647056706719
9.415480744224926,-11.56956061492517
9.418628528247902,-11.56847417314362
9.421776312270879,-11.567387731362071
9.424924096293855,-11.566301289580522
9.428071880316832,-11.565214847798973
9.431203442376484,-11.564082496675622
9.434335004436136,-11.562950145552273
9.437466566495788,-11.561817794428922
9.44059812855544,-11.560685443305571
9.443729690615092,-11.559553092182222
9.446861252674744,-11.558420741058871
9.449972126143615,-11.55723273168994
9.453082999612487,-11.556044722321008
9.456193873081359,-11.554856712952077
9.459304746550231,-11.553668703583146
9.462415620019103,-11.552480694214214
9.46550770378479,-11.551244604417324
9.468599787550476,-11.550008514620433
9.471691871316162,-11.548772424823543
9.474783955081849,-11.547536335026653
9.477876038847535,-11.54630024522976
9.480948111894584,-11.545015228812124
9.484020184941633,-11.543730212394488
9.487092257988682,-11.542445195976851
9.49016433103573,-11.541160179559215
9.49323640408278,-11.53987516314158
9.496287194739454,-11.53854040609659
9.499337985396128,-11.5372056490516
9.502388776052802,-11.53587089200661
9.505439566709477,-11.53453613496162
9.508490357366151,-11.53320137791663
9.511541148022825,-11.53186662087164
9.514565258414365,-11.530472470112295
9.517589368805904,-11.529078319352951
9.520613479197443,-11.527684168593607
9.523637589588983,-11.526290017834263
9.526661699980522,-11.524895867074918
9.529661434183886,-11.523450012756818
9.532661168387252,-11.52200415843872
9.535660902590616,-11.520558304120621
9.538660636793981,-11.519112449802524
9.541660370997345,-11.517666595484425
9.544634558912856,-11.516168895166194
9.547608746828367,-11.514671194847963
9.550582934743877,-11.513173494529733
9.553557122659388,-11.511675794211502
9.5565313105749,-11.510178093893273
9.559505498490411,-11.508680393575043
9.562447928897601,-11.507121226073187
9.565390359304791,-11.50556205857133
9.568332789711981,-11.504002891069474
9.57127522011917,-11.502443723567618
9.57421765052636,-11.500884556065762
9.577131309884466,-11.499272262933319
9.580044969242572,-11.497659969800877
9.582958628600679,-11.496047676668434
9.585872287958786,-11.494435383535992
9.588785947316893,-11.492823090403549
9.591699606675,-11.491210797271108
9.59457765783067,-11.489535768451848
9.597455708986338,-11.487860739632588
9.600333760142007,-11.486185710813327
9.603211811297676,-11.484510681994067
9.606089862453345,-11.482835653174806
9.608936384785578,-11.48110758760542
9.61178290711781,-11.479379522036034
9.614629429450043,-11.477651456466647
9.617475951782275,-11.475923390897261
9.620322474114507,-11.474195325327875
9.623136120860474,-11.47241423240809
9.625949767606441,-11.470633139488305
9.628763414352408,-11.46885204656852
9.631577061098374,-11.467070953648735
9.634390707844341,-11.465289860728948
9.637204354590308,-11.463508767809163
9.639977571325291,-11.461665355500207
9.642750788060274,-11.459821943191251
9.645524004795258,-11.457978530882295
9.64829722153024,-11.45613511857334
9.651070438265222,-11.454291706264382
9.65380777404697,-11.45239542231466
9.656545109828716,-11.45049913836494
9.659282445610462,-11.448602854415219
9.662019781392207,-11.446706570465498
9.664757117173952,-11.444810286515777
9.667494452955697,-11.442914002566054
9.670187997323511,-11.440956014124152
9.672881541691325,-11.43899802568225
9.675575086059139,-11.43704003724035
9.678268630426953,-11.435082048798447
9.680962174794766,-11.433124060356546
9.683617344783128,-11.431114340890327
9.68627251477149,-11.429104621424107
9.688927684759852,-11.427094901957888
9.691582854748216,-11.425085182491669
9.69423802473658,-11.42307546302545
9.696893194724943,-11.42106574355923
9.699501678103974,-11.418995788375822
9.702110161483006,-11.416925833192414
9.704718644862037,-11.414855878009005
9.707327128241069,-11.412785922825597
9.7099356116201,-11.41071596764219
9.712503411971987,-11.40859575506963
9.715071212323874,-11.40647554249707
9.717639012675761,-11.40435532992451
9.720206813027648,-11.40223511735195
9.722774613379535,-11.400114904779388
9.725342413731424,-11.397994692206828
9.72786118473699,-11.395816460671494
9.730379955742555,-11.39363822913616
9.73289872674812,-11.391459997600824
9.735417497753685,-11.389281766065489
9.73793626875925,-11.387103534530155
9.740412243953473,-11.384876777507579
9.742888219147696,-11.382650020485002
9.745364194341919,-11.380423263462426
9.747840169536142,-11.37819650643985
9.750316144730364,-11.375969749417273
9.752792119924587,-11.373742992394696
9.75521734901617,-11.371461071306372
9.757642578107754,-11.369179150218049
9.760067807199338,-11.366897229129725
9.762493036290921,-11.364615308041401
9.764918265382505,-11.362333386953077
9.767343494474089,-11.360051465864753
9.769716266350086,-11.357715046890236
9.772089038226083,-11.35537862791572
9.774461810102078,-11.353042208941202
9.776834581978076,-11.350705789966685
9.779207353854073,-11.348369370992168
9.781535099306524,-11.34598808959162
9.783862844758975,-11.34360680819107
9.786190590211424,-11.341225526790522
9.788518335663875,-11.338844245389973
9.790846081116326,-11.336462963989424
9.793173826568777,-11.334081682588875
9.79544896299247,-11.33165008758691
9.797724099416163,-11.329218492584944
9.799999235839856,-11.326786897582979
9.802274372263549,-11.324355302581013
9.804549508687241,-11.321923707579048
9.806824645110936,-11.319492112577082
9.809045866689667,-11.317011170276627
9.811267088268398,-11.314530227976173
9.813488309847129,-11.312049285675718
9.81570953142586,-11.309568343375263
9.817930753004589,-11.307087401074808
9.82015197458332,-11.304606458774353
9.82231896934224,-11.302078013854088
9.824485964101159,-11.299549568933822
9.826652958860079,-11.297021124013556
9.828819953618998,-11.29449267909329
9.830986948377916,-11.291964234173024
9.833153943136836,-11.289435789252758
9.835266621923623,-11.286861786854962
9.83737930071041,-11.284287784457165
9.839491979497197,-11.281713782059368
9.841604658283984,-11.279139779661572
9.843717337070771,-11.276565777263775
9.845830015857558,-11.273991774865978
9.847888422142116,-11.27137416840822
9.849946828426674,-11.268756561950463
9.852005234711232,-11.266138955492705
9.85406364099579,-11.26352134903495
9.856122047280348,-11.260903742577193
9.858180453564907,-11.258286136119438
9.860184747314383,-11.255626868068674
9.862189041063859,-11.25296760001791
9.864193334813335,-11.250308331967148
9.86619762856281,-11.247649063916384
9.868201922312286,-11.24498979586562
9.870206216061762,-11.242330527814858
9.87215666327931,-11.239631517690468
9.874107110496857,-11.236932507566078
9.876057557714404,-11.234233497441688
9.878008004931953,-11.231534487317298
9.8799584521495,-11.228835477192908
9.88190889936705,-11.226136467068518
9.883805861995464,-11.223399601564624
9.885702824623879,-11.220662736060731
9.887599787252295,-11.21792587055684
9.88949674988071,-11.215189005052947
9.891393712509126,-11.212452139549056
9.893290675137541,-11.209715274045163
9.895187637765957,-11.206978408541271
9.89702356582398,-11.204200231411251
9.898859493882004,-11.201422054281233
9.900695421940027,-11.198643877151214
9.90253134999805,-11.195865700021196
9.904367278056073,-11.193087522891178
9.906203206114096,-11.190309345761158
9.907986507303061,-11.187497098106801
9.909769808492026,-11.184684850452445
9.911553109680991,-11.181872602798087
9.913336410869956,-11.17906035514373
9.915119712058921,-11.176248107489373
9.916903013247886,-11.173435859835015
9.918686314436851,-11.170623612180657
9.920410200703921,-11.167774556874383
9.922134086970992,-11.164925501568108
9.923857973238063,-11.162076446261834
9.925581859505133,-11.159227390955559
9.927305745772204,-11.156378335649284
9.929029632039272,-11.15352928034301
9.930702423000456,-11.150649927915783
9.932375213961642,-11.147770575488556
9.934048004922825,-11.144891223061329
9.935720795884011,-11.142011870634102
9.937393586845195,-11.139132518206875
9.939066377806379,-11.136253165779648
9.940739168767564,-11.13337381335242
9.942354859316712,-11.130462036566781
9.94397054986586,-11.12755025978114
9.945586240415007,-11.1246384829955
9.947201930964155,-11.12172670620986
9.948817621513303,-11.11881492942422
9.95043331206245,-11.11590315263858
9.952049002611599,-11.112991375852939
9.952556460615849,-11.11207684154608
